Id,Area,Bedrooms,Bathrooms,Floors,YearBuilt,Location,Condition,Garage,Price,HouseAge
1,1360.0,5,4,3,1970,0,0,0,149919.0,55
2,4272.0,5,4,3,1958,0,0,0,424998.0,67
3,3592.0,2,2,3,1938,0,2,0,266746.0,87
4,966.0,4,2,2,1902,2,1,1,244020.0,123
5,4926.0,1,4,2,1975,0,1,1,636056.0,50
6,3944.0,1,2,1,1906,3,3,0,93262.0,119
7,3671.0,1,1,2,1948,1,3,1,448722.0,77
8,3419.0,2,4,1,1925,2,2,1,594893.0,100
9,630.0,2,2,1,1932,1,3,1,652878.0,93
10,2185.0,3,3,1,2000,0,3,0,340375.0,25
11,1269.0,1,4,2,1947,2,3,1,653685.0,78
12,2891.0,4,4,3,1978,3,0,1,127123.0,47
13,2933.0,4,3,2,1901,0,3,0,849947.0,124
14,1684.0,1,1,1,2004,1,2,0,399355.0,21
15,3885.0,1,3,1,1970,3,1,1,481838.0,55
16,4617.0,1,4,2,1931,0,3,0,853032.0,94
17,3404.0,2,1,1,1903,3,1,1,208964.0,122
18,974.0,2,2,1,1919,0,3,1,905742.0,106
19,1582.0,2,2,2,2013,2,2,0,989305.0,12
20,3058.0,5,2,2,2016,0,0,0,218767.0,9
21,2547.0,4,4,2,1935,2,2,1,996357.0,90
22,3247.0,4,3,1,1931,0,0,0,709789.0,94
23,1475.0,3,1,1,1927,0,3,0,709966.0,98
24,2306.0,2,2,3,1976,1,3,1,447694.0,49
25,689.0,5,1,3,1900,3,0,1,688668.0,125
26,3234.0,5,4,2,1959,3,2,1,527032.0,66
27,3505.0,4,2,3,1955,3,2,1,745494.0,70
28,2399.0,2,4,1,1934,0,0,1,513179.0,91
29,1767.0,3,3,3,2011,0,3,1,948212.0,14
30,2028.0,2,4,1,1929,0,0,0,206547.0,96
31,3702.0,1,4,2,1953,2,3,0,902609.0,72
32,4056.0,2,3,2,1935,2,0,1,727090.0,90
33,4390.0,1,1,1,2020,1,3,0,202185.0,5
34,1146.0,1,3,3,1954,0,0,0,725371.0,71
35,3388.0,3,3,2,1988,3,1,1,105746.0,37
36,2935.0,4,4,2,1979,3,3,0,959507.0,46
37,1100.0,2,1,3,1957,1,2,0,748213.0,68
38,2863.0,1,2,3,1982,3,0,1,921627.0,43
39,2561.0,2,3,1,1964,1,2,0,873250.0,61
40,741.0,4,1,3,1968,0,0,0,218393.0,57
41,2541.0,4,3,3,1950,3,2,1,333453.0,75
42,3324.0,5,3,3,1921,0,2,0,986192.0,104
43,3112.0,4,3,1,1987,2,0,0,340320.0,38
44,1863.0,3,3,1,2006,3,0,0,643167.0,19
45,1978.0,1,4,2,2008,2,2,1,641880.0,17
46,3056.0,5,1,1,2015,3,2,1,396872.0,10
47,1275.0,3,1,2,2000,0,2,0,270084.0,25
48,4514.0,2,1,3,1952,1,3,0,976920.0,73
49,534.0,1,3,2,1999,0,3,1,771782.0,26
50,3652.0,4,4,2,1935,0,1,1,845016.0,90
51,2455.0,1,3,3,1967,0,3,0,698843.0,58
52,2085.0,2,3,2,1935,3,3,1,405446.0,90
53,4443.0,5,1,1,1951,1,0,0,958840.0,74
54,3573.0,5,3,1,1952,2,1,0,593118.0,73
55,1521.0,5,2,1,1981,0,1,1,266897.0,44
56,3961.0,4,3,1,1949,3,3,1,826522.0,76
57,3113.0,3,2,2,1979,2,0,0,913498.0,46
58,4343.0,3,3,2,1940,0,0,0,840023.0,85
59,2000.0,1,4,3,1917,2,1,1,143878.0,108
60,661.0,4,4,2,1921,0,0,0,175407.0,104
61,4797.0,5,1,2,1965,2,2,1,691157.0,60
62,2481.0,5,3,2,1920,2,3,1,307716.0,105
63,1495.0,2,2,3,1999,1,2,1,857827.0,26
64,3842.0,2,2,1,1943,1,1,1,66738.0,82
65,4298.0,5,3,2,2002,0,1,1,183703.0,23
66,1775.0,5,2,3,1946,3,0,0,723265.0,79
67,1516.0,4,4,3,1938,1,0,1,593344.0,87
68,837.0,3,2,3,1928,2,1,1,815034.0,97
69,1378.0,2,1,1,1953,1,1,1,560241.0,72
70,1576.0,3,4,2,1989,1,2,1,433800.0,36
71,4493.0,4,4,3,1984,0,2,1,689604.0,41
72,879.0,5,4,1,1916,1,0,1,740807.0,109
73,992.0,3,3,3,1979,1,2,1,628706.0,46
74,2562.0,5,3,3,1959,2,0,0,873622.0,66
75,4384.0,5,4,3,1930,1,0,0,76014.0,95
76,564.0,1,3,3,2014,2,3,0,778359.0,11
77,3068.0,3,2,3,1972,1,0,0,813277.0,53
78,2527.0,3,3,1,1994,1,2,1,231350.0,31
79,3195.0,5,3,2,1977,3,1,0,961995.0,48
80,1995.0,4,4,2,1948,1,1,1,838212.0,77
81,891.0,1,1,2,2000,2,2,0,534859.0,25
82,4974.0,5,1,2,1901,2,1,0,764618.0,124
83,4061.0,2,1,1,2015,0,0,1,540339.0,10
84,2778.0,2,2,1,1947,0,1,1,92192.0,78
85,3599.0,1,3,1,2009,3,2,0,941307.0,16
86,700.0,4,1,3,1913,2,1,0,411273.0,112
87,3604.0,5,4,3,1958,2,0,0,93923.0,67
88,2954.0,3,1,3,1996,2,0,0,663484.0,29
89,4145.0,1,1,2,1998,3,2,1,576683.0,27
90,1304.0,4,3,3,1957,2,2,0,414593.0,68
91,3231.0,3,3,2,2002,0,2,0,433891.0,23
92,3273.0,2,3,3,1957,3,3,0,802744.0,68
93,2070.0,2,2,2,2010,0,3,0,458995.0,15
94,3190.0,3,2,3,1950,0,0,0,645316.0,75
95,4340.0,1,1,3,1983,3,3,1,997226.0,42
96,1528.0,2,3,1,1901,1,3,1,450327.0,124
97,1002.0,5,1,3,2014,1,1,1,816751.0,11
98,4993.0,3,4,3,1940,0,3,1,715344.0,85
99,1370.0,3,4,1,1982,1,1,1,929608.0,43
100,4988.0,2,3,2,2022,2,2,0,777688.0,3
101,706.0,1,3,1,2000,3,1,1,305315.0,25
102,1984.0,5,4,1,1981,0,1,1,339068.0,44
103,1363.0,1,3,2,1915,2,2,0,495919.0,110
104,3290.0,4,2,3,1903,1,2,1,344721.0,122
105,1063.0,4,2,2,1911,2,0,1,188783.0,114
106,4691.0,2,3,3,1928,1,0,1,659836.0,97
107,2257.0,2,4,3,1906,0,0,1,307288.0,119
108,2178.0,2,1,2,1913,2,0,0,543085.0,112
109,3742.0,4,3,1,2018,3,1,0,545187.0,7
110,1559.0,1,3,2,1911,0,1,1,699381.0,114
111,2222.0,1,1,3,1998,2,0,0,285835.0,27
112,3814.0,2,3,2,1904,2,3,1,971600.0,121
113,3657.0,5,1,2,1980,1,0,0,902987.0,45
114,3125.0,1,4,3,2021,0,3,0,401992.0,4
115,3229.0,4,2,1,2005,0,2,0,256084.0,20
116,2097.0,3,4,2,1931,0,1,0,844686.0,94
117,3560.0,3,2,3,1973,0,1,0,437554.0,52
118,3193.0,3,1,3,1942,1,3,0,803315.0,83
119,4127.0,5,2,2,1980,3,0,0,520336.0,45
120,1863.0,2,4,1,1968,0,1,0,973469.0,57
121,2481.0,4,2,2,1944,1,3,0,258072.0,81
122,2163.0,5,1,1,2005,3,2,0,298029.0,20
123,2029.0,4,2,1,1908,3,2,0,259047.0,117
124,2538.0,4,3,1,1948,1,1,1,415169.0,77
125,3802.0,2,4,1,1932,0,0,0,180509.0,93
126,2737.0,3,3,2,1999,3,3,1,812072.0,26
127,1806.0,2,1,3,1999,0,1,0,345107.0,26
128,4529.0,5,2,3,1917,0,2,1,577561.0,108
129,3175.0,5,3,3,1908,2,0,1,589618.0,117
130,1782.0,5,3,3,1961,0,3,1,202566.0,64
131,1209.0,2,2,3,1956,2,1,0,650710.0,69
132,4913.0,4,2,3,1928,3,3,0,958521.0,97
133,4248.0,4,4,2,2013,1,0,0,53212.0,12
134,1163.0,1,3,1,1977,2,0,0,282131.0,48
135,2498.0,5,3,3,1924,1,2,1,526657.0,101
136,3945.0,4,1,2,1914,3,0,0,661882.0,111
137,4243.0,1,4,3,1905,0,1,0,182152.0,120
138,1995.0,4,1,3,2019,3,3,0,344819.0,6
139,3804.0,5,3,1,1941,1,0,0,72007.0,84
140,4263.0,3,1,1,1928,3,0,0,688093.0,97
141,2353.0,5,3,1,1978,0,1,0,394785.0,47
142,1791.0,2,3,3,1992,3,3,0,670103.0,33
143,4081.0,4,1,3,1903,0,3,0,883247.0,122
144,3957.0,4,1,3,1981,2,2,1,919914.0,44
145,2136.0,2,2,1,2013,1,2,1,837071.0,12
146,4196.0,2,2,2,1956,0,3,0,375737.0,69
147,3499.0,3,2,3,1948,0,1,0,562164.0,77
148,3652.0,4,3,3,1943,3,1,0,128038.0,82
149,1198.0,4,1,3,2002,2,2,0,406043.0,23
150,2660.0,3,4,2,1979,0,0,1,840168.0,46
151,4597.0,1,3,3,1974,2,1,1,827794.0,51
152,1354.0,3,4,2,1913,2,0,0,66473.0,112
153,3974.0,5,1,3,1902,3,1,1,703059.0,123
154,2207.0,4,3,2,2014,0,3,1,175801.0,11
155,3277.0,2,4,3,2013,3,2,0,944030.0,12
156,2233.0,5,4,1,1961,1,0,0,660911.0,64
157,4010.0,4,2,1,2005,1,0,0,558252.0,20
158,702.0,3,2,1,1963,0,3,1,275097.0,62
159,3755.0,5,2,1,2001,2,1,1,348964.0,24
160,4718.0,4,3,3,1944,0,0,0,265933.0,81
161,4996.0,1,1,1,2005,0,1,0,369733.0,20
162,1266.0,1,1,2,1981,1,3,1,771167.0,44
163,4889.0,2,2,1,1957,1,2,1,330558.0,68
164,2827.0,4,2,1,1919,2,0,0,439522.0,106
165,3431.0,1,2,1,1957,2,1,1,74220.0,68
166,697.0,3,4,3,2011,0,0,0,634819.0,14
167,2430.0,4,2,1,1988,3,1,0,422146.0,37
168,4082.0,3,4,2,1956,0,1,1,557409.0,69
169,1108.0,3,1,1,2001,2,1,1,747785.0,24
170,3772.0,1,3,1,1976,3,3,1,59387.0,49
171,1647.0,4,3,1,1967,1,2,0,295752.0,58
172,4782.0,5,3,2,2018,2,0,0,651103.0,7
173,3897.0,1,3,1,1977,2,2,0,601872.0,48
174,3011.0,1,4,2,1996,3,1,0,619071.0,29
175,2294.0,4,4,2,1991,2,1,0,745169.0,34
176,1159.0,4,2,1,1951,2,2,0,759687.0,74
177,3311.0,3,4,2,1936,2,2,1,698782.0,89
178,1869.0,4,2,3,1907,2,0,0,690102.0,118
179,2486.0,3,2,1,1943,2,1,0,300139.0,82
180,646.0,1,3,1,1997,2,2,0,967184.0,28
181,3719.0,2,4,2,2007,2,3,0,550228.0,18
182,3411.0,5,4,2,1904,2,1,1,716217.0,121
183,2234.0,1,2,1,2017,1,1,0,747621.0,8
184,2343.0,4,2,3,1968,2,0,1,910020.0,57
185,988.0,5,1,2,1930,1,3,1,984499.0,95
186,3476.0,2,1,2,1944,1,0,0,296509.0,81
187,2459.0,2,2,3,1908,0,3,0,63580.0,117
188,2885.0,3,1,3,2005,0,0,1,592528.0,20
189,3419.0,5,1,1,1931,1,3,1,828639.0,94
190,2302.0,3,2,3,1932,1,3,0,395590.0,93
191,4561.0,1,2,1,1966,2,3,1,518968.0,59
192,3869.0,5,4,3,1929,0,2,0,940965.0,96
193,762.0,1,2,2,2013,3,1,0,828559.0,12
194,1123.0,3,2,1,1975,0,3,1,533663.0,50
195,1516.0,5,3,1,1928,1,2,0,478082.0,97
196,4143.0,3,4,1,1902,1,2,0,655262.0,123
197,2549.0,5,4,3,1989,2,0,0,647689.0,36
198,4223.0,3,4,2,1956,2,1,1,263165.0,69
199,3608.0,2,3,1,1929,0,1,1,455427.0,96
200,4590.0,3,2,1,1908,2,0,1,502201.0,117
201,2556.0,2,4,1,1925,3,1,0,214340.0,100
202,3670.0,3,4,1,1901,3,0,1,840078.0,124
203,2182.0,5,1,2,1961,2,2,1,760731.0,64
204,2755.0,5,4,3,1902,3,2,1,822411.0,123
205,1654.0,5,2,2,1945,3,3,0,354960.0,80
206,4999.0,4,2,1,1967,0,0,0,139460.0,58
207,3691.0,1,1,2,1924,3,2,1,356256.0,101
208,2196.0,5,4,1,1950,1,2,1,101048.0,75
209,4491.0,2,4,3,1912,1,0,1,780806.0,113
210,2148.0,5,4,3,2002,0,2,0,182850.0,23
211,1945.0,4,3,3,1943,2,1,1,882184.0,82
212,4699.0,2,4,1,1934,0,2,0,528193.0,91
213,4423.0,4,2,2,1954,2,0,0,907158.0,71
214,753.0,2,2,3,1986,2,1,0,786200.0,39
215,3683.0,3,3,1,1908,2,1,1,994793.0,117
216,3057.0,1,3,1,1901,2,2,1,356932.0,124
217,598.0,1,4,2,1960,2,3,0,316891.0,65
218,2700.0,4,1,3,2017,0,1,0,574333.0,8
219,3461.0,1,3,1,1940,2,0,0,582046.0,85
220,4933.0,4,3,2,1943,3,3,0,829685.0,82
221,4277.0,4,4,3,1963,3,3,1,961508.0,62
222,3369.0,4,4,2,1930,2,1,1,728797.0,95
223,3734.0,1,3,2,2007,3,2,0,724945.0,18
224,4291.0,4,1,1,1946,1,3,0,190926.0,79
225,1456.0,1,3,1,1901,0,2,0,233148.0,124
226,4567.0,4,4,1,1995,0,1,1,893382.0,30
227,660.0,5,4,2,1981,2,0,0,722709.0,44
228,4993.0,4,3,1,1976,2,3,1,801588.0,49
229,1800.0,2,1,2,2009,1,0,0,726708.0,16
230,4487.0,4,3,2,1968,2,2,1,215368.0,57
231,2027.0,3,3,1,1957,3,2,1,544496.0,68
232,1718.0,4,4,3,2005,1,0,0,69455.0,20
233,4996.0,2,1,3,1943,3,1,1,784184.0,82
234,3604.0,2,2,3,1973,0,1,1,515139.0,52
235,3235.0,1,1,2,1955,3,3,1,281897.0,70
236,1454.0,5,3,2,1942,0,3,1,482509.0,83
237,3946.0,4,3,2,1988,3,1,0,542646.0,37
238,1545.0,1,3,1,1933,0,1,0,662840.0,92
239,2193.0,5,1,2,2000,2,0,0,882548.0,25
240,3936.0,4,4,1,1929,3,2,0,432605.0,96
241,1062.0,3,3,1,1970,0,2,0,614772.0,55
242,2985.0,4,3,3,1969,3,3,1,997719.0,56
243,3854.0,2,1,3,2017,1,1,1,393782.0,8
244,725.0,2,2,3,1954,2,0,1,708764.0,71
245,1459.0,3,2,1,1966,0,3,1,218332.0,59
246,3567.0,1,4,1,1912,1,0,0,150647.0,113
247,1315.0,5,4,1,1902,3,1,0,639930.0,123
248,3620.0,4,3,2,1925,1,1,1,786091.0,100
249,516.0,2,1,1,1956,3,1,0,882441.0,69
250,1743.0,1,3,3,1923,2,2,1,178824.0,102
251,2705.0,3,4,3,1952,1,1,1,823202.0,73
252,3024.0,2,1,1,1969,2,3,0,866037.0,56
253,1569.0,3,1,1,1942,0,2,0,685167.0,83
254,3944.0,4,4,3,1959,3,0,0,695115.0,66
255,3065.0,5,2,1,1957,3,3,0,317724.0,68
256,1560.0,2,2,3,1948,2,3,0,951334.0,77
257,2827.0,2,1,2,1941,2,0,0,317544.0,84
258,3920.0,4,3,3,1975,0,2,0,745003.0,50
259,801.0,1,2,2,2012,1,3,1,801545.0,13
260,4776.0,5,3,1,1999,3,3,0,932464.0,26
261,1106.0,2,2,1,1965,3,3,1,177319.0,60
262,3670.0,5,2,2,1910,0,2,1,562193.0,115
263,1199.0,2,3,1,2002,0,2,0,529389.0,23
264,1639.0,5,4,2,1997,2,2,1,156960.0,28
265,690.0,3,2,1,1989,2,3,0,89015.0,36
266,2800.0,2,2,3,1917,1,1,1,383857.0,108
267,1480.0,5,3,1,1984,0,0,1,778165.0,41
268,3475.0,1,4,3,1999,1,1,1,982478.0,26
269,1684.0,3,2,3,2003,0,2,0,195109.0,22
270,3827.0,3,2,2,1951,3,3,1,527508.0,74
271,3894.0,1,4,1,1945,0,3,1,836351.0,80
272,627.0,5,2,2,1943,0,1,1,983671.0,82
273,2565.0,4,4,1,1921,3,1,0,138754.0,104
274,2316.0,1,4,3,1952,0,0,1,271775.0,73
275,1069.0,5,3,3,1958,1,3,0,355292.0,67
276,2395.0,1,1,1,1993,2,1,1,777513.0,32
277,3233.0,1,4,1,2013,2,0,1,726894.0,12
278,4363.0,2,3,2,2006,1,2,1,796355.0,19
279,4514.0,5,1,1,2023,3,1,0,959222.0,2
280,3401.0,4,2,1,1929,0,2,1,922510.0,96
281,2186.0,2,1,1,1907,1,0,1,106879.0,118
282,3509.0,1,4,2,1997,2,2,1,169894.0,28
283,654.0,1,4,1,1956,2,3,1,640127.0,69
284,3037.0,1,4,3,2010,1,3,0,79756.0,15
285,1909.0,5,4,2,1972,2,2,1,718043.0,53
286,4557.0,5,4,2,2014,1,3,1,230557.0,11
287,1284.0,2,3,3,1919,2,0,1,279303.0,106
288,3675.0,4,4,3,2003,1,3,1,454241.0,22
289,4841.0,2,3,3,1924,0,2,0,724075.0,101
290,3306.0,3,2,1,1918,0,2,1,541599.0,107
291,1037.0,1,4,3,1904,0,2,1,545283.0,121
292,2341.0,1,4,1,1974,0,1,0,667231.0,51
293,2955.0,1,1,2,1978,2,2,1,792476.0,47
294,1024.0,2,2,2,1971,3,0,1,198188.0,54
295,3450.0,2,4,3,1982,1,3,1,611032.0,43
296,4631.0,1,4,1,1986,3,3,0,174697.0,39
297,4615.0,2,2,3,1926,2,1,1,530795.0,99
298,2868.0,5,3,3,1939,2,1,0,690360.0,86
299,4347.0,5,4,1,1995,3,0,0,445340.0,30
300,4995.0,2,1,3,1925,3,2,0,286028.0,100
301,3201.0,1,4,2,1926,2,1,0,743411.0,99
302,1471.0,2,1,3,1961,2,3,0,57176.0,64
303,1666.0,2,1,1,1982,1,1,0,927742.0,43
304,3274.0,2,4,1,1949,0,1,0,826653.0,76
305,2482.0,3,4,2,1941,0,2,1,508034.0,84
306,1353.0,5,1,1,1928,1,1,1,563611.0,97
307,4646.0,4,2,1,1938,3,0,0,199748.0,87
308,4236.0,4,2,2,1959,2,3,0,95177.0,66
309,4269.0,3,4,3,1940,3,2,0,533512.0,85
310,1074.0,2,3,2,1932,0,3,0,160623.0,93
311,3761.0,3,2,3,1982,0,0,0,575285.0,43
312,1648.0,3,4,2,2000,3,0,0,502546.0,25
313,2215.0,1,2,3,1982,0,1,1,546184.0,43
314,4354.0,5,3,2,1996,2,1,1,694467.0,29
315,2991.0,4,4,3,2010,1,1,0,297439.0,15
316,3160.0,2,3,2,1915,3,3,0,694691.0,110
317,3624.0,4,4,3,1922,2,0,0,978735.0,103
318,3551.0,4,3,2,1906,2,2,1,145287.0,119
319,504.0,5,2,1,1925,0,1,0,169574.0,100
320,1376.0,4,2,3,1995,2,3,1,830751.0,30
321,1491.0,4,3,2,1911,3,1,1,171509.0,114
322,4642.0,3,3,3,1971,2,0,1,397591.0,54
323,4864.0,5,3,3,1904,1,2,0,945954.0,121
324,4965.0,1,4,2,2005,2,0,0,499181.0,20
325,1135.0,2,2,3,1991,2,3,1,393288.0,34
326,2193.0,4,4,2,2016,1,1,1,822793.0,9
327,2182.0,2,2,1,1968,2,0,1,242589.0,57
328,619.0,1,1,3,1948,2,3,1,929125.0,77
329,1330.0,2,4,1,1925,0,1,0,406459.0,100
330,4175.0,1,2,3,1904,3,2,1,538720.0,121
331,1869.0,3,2,3,1921,0,0,0,863819.0,104
332,1240.0,4,4,3,1978,3,1,1,54090.0,47
333,616.0,1,4,2,1912,1,1,0,957278.0,113
334,3338.0,2,2,1,1927,1,1,1,468161.0,98
335,1650.0,4,4,3,1932,1,1,0,876671.0,93
336,2431.0,3,3,2,2006,3,0,0,53743.0,19
337,1512.0,4,4,3,1922,3,1,0,80924.0,103
338,2164.0,1,4,2,1996,3,3,1,191268.0,29
339,1581.0,3,4,3,2006,1,0,0,966592.0,19
340,1012.0,2,2,1,1917,3,1,1,928247.0,108
341,3349.0,3,3,1,2013,2,0,0,679600.0,12
342,1059.0,3,1,3,2016,0,3,0,381004.0,9
343,4172.0,5,1,2,1929,1,3,1,790537.0,96
344,3843.0,3,3,3,1925,0,0,0,798378.0,100
345,4570.0,3,3,2,1915,2,1,0,279602.0,110
346,1970.0,4,3,3,1976,3,1,1,392543.0,49
347,1080.0,2,2,2,1938,0,3,0,885227.0,87
348,2794.0,4,1,1,1932,2,1,0,887985.0,93
349,3647.0,4,3,3,1925,2,3,0,558928.0,100
350,4749.0,1,2,1,1947,0,1,0,153976.0,78
351,2179.0,4,1,1,1964,1,3,1,205183.0,61
352,4006.0,5,4,3,2012,0,2,0,687854.0,13
353,3244.0,5,2,3,1937,1,1,0,307443.0,88
354,3856.0,1,1,2,1901,3,1,0,694256.0,124
355,4545.0,2,2,2,2012,1,1,0,111600.0,13
356,1743.0,2,1,1,1905,3,0,0,624310.0,120
357,3618.0,4,1,2,1945,0,1,0,708559.0,80
358,2641.0,4,4,2,1949,3,0,0,887329.0,76
359,3559.0,4,2,3,1937,2,0,0,874470.0,88
360,3459.0,2,3,2,2005,3,3,1,173323.0,20
361,2765.0,3,4,1,1987,1,0,1,236110.0,38
362,2979.0,5,4,2,1917,1,0,1,694566.0,108
363,2135.0,3,1,1,1926,1,2,1,947486.0,99
364,2257.0,3,3,3,1940,3,1,0,320041.0,85
365,4952.0,2,2,1,1971,1,0,0,638829.0,54
366,2570.0,3,3,2,1991,1,1,1,156968.0,34
367,3349.0,1,3,3,1973,2,0,1,589180.0,52
368,3751.0,4,3,2,1916,3,3,1,975775.0,109
369,4230.0,1,3,3,2018,2,2,0,74815.0,7
370,2989.0,5,3,3,1961,1,0,0,882044.0,64
371,2131.0,4,1,2,1928,1,1,1,476573.0,97
372,3316.0,3,1,2,1957,1,3,1,518304.0,68
373,1515.0,5,4,3,1969,3,1,1,852699.0,56
374,1848.0,4,1,3,1977,0,3,1,854700.0,48
375,3587.0,3,4,2,1921,1,2,1,688751.0,104
376,3339.0,1,4,1,2017,1,3,0,981767.0,8
377,835.0,4,2,2,1905,1,1,1,514151.0,120
378,1395.0,3,3,3,1925,1,1,0,931779.0,100
379,4046.0,1,1,2,1938,3,0,1,240732.0,87
380,1351.0,5,2,1,1911,0,3,1,246599.0,114
381,2187.0,5,1,2,1998,0,1,0,244451.0,27
382,2431.0,5,4,3,1913,0,0,1,406686.0,112
383,4246.0,5,1,2,1921,1,2,0,746631.0,104
384,2927.0,2,3,3,1950,1,1,0,378756.0,75
385,2068.0,4,4,3,1922,0,0,1,188307.0,103
386,4500.0,4,4,2,1947,0,1,1,138757.0,78
387,3238.0,2,2,3,1970,1,3,0,459633.0,55
388,3998.0,3,3,3,2003,1,0,0,934507.0,22
389,4413.0,3,4,1,1949,2,3,1,346753.0,76
390,1566.0,5,3,1,1988,2,2,0,939217.0,37
391,4880.0,1,1,1,1912,2,3,1,304200.0,113
392,2944.0,3,3,1,1984,0,0,0,597933.0,41
393,4607.0,1,4,3,2004,3,1,1,506089.0,21
394,3873.0,4,2,2,1909,1,0,0,769918.0,116
395,4469.0,1,4,3,2016,2,3,0,374377.0,9
396,3046.0,4,3,3,1954,3,3,1,423587.0,71
397,1253.0,2,3,3,2022,1,1,0,204473.0,3
398,2582.0,2,4,2,1908,3,2,0,844203.0,117
399,3274.0,5,3,1,1978,0,0,0,517667.0,47
400,3396.0,3,1,3,1951,0,1,0,522650.0,74
401,4685.0,5,4,3,1901,0,1,0,510665.0,124
402,1275.0,4,2,1,1924,2,1,0,414745.0,101
403,2125.0,5,4,3,1912,1,0,0,535820.0,113
404,3569.0,1,1,2,1997,0,0,1,445158.0,28
405,917.0,4,1,3,1950,2,0,0,725748.0,75
406,614.0,2,1,3,1957,2,2,0,961656.0,68
407,1116.0,3,1,1,1933,2,1,1,657539.0,92
408,4474.0,4,1,3,1934,2,3,0,631330.0,91
409,3767.0,4,2,3,2001,0,3,0,890172.0,24
410,1325.0,1,3,2,1902,2,1,1,246945.0,123
411,2016.0,3,1,1,2005,0,3,0,621312.0,20
412,3646.0,2,1,1,2019,0,2,0,728810.0,6
413,912.0,4,4,2,1958,2,2,1,631253.0,67
414,1228.0,4,2,3,1969,0,0,1,322201.0,56
415,3848.0,1,2,1,2018,1,0,0,798609.0,7
416,3308.0,5,3,1,1947,1,0,0,845415.0,78
417,1175.0,2,2,3,1963,3,0,1,442613.0,62
418,3965.0,3,4,3,2012,1,0,0,594283.0,13
419,3004.0,4,4,1,1918,0,3,1,164587.0,107
420,3467.0,4,3,3,1966,0,3,1,283076.0,59
421,3286.0,2,4,1,1981,1,0,1,796988.0,44
422,1622.0,5,1,3,2002,2,2,0,520897.0,23
423,4579.0,4,1,3,1972,2,3,1,88886.0,53
424,2071.0,2,4,2,2015,0,2,1,401169.0,10
425,2643.0,1,3,3,1975,2,2,1,539788.0,50
426,2187.0,5,2,2,1904,3,1,0,145149.0,121
427,4632.0,3,3,3,1966,3,1,0,668308.0,59
428,4351.0,4,2,1,1910,1,0,0,576961.0,115
429,3940.0,2,4,1,2020,1,2,1,913945.0,5
430,4266.0,1,4,3,1993,2,3,0,73466.0,32
431,2826.0,3,1,3,1967,0,1,0,287626.0,58
432,3414.0,2,2,1,1968,1,1,1,928977.0,57
433,4452.0,2,3,3,1900,3,2,1,559966.0,125
434,1095.0,3,4,2,1990,1,1,0,624694.0,35
435,1228.0,1,3,2,1991,1,1,0,446904.0,34
436,1865.0,1,1,2,1962,3,3,1,643572.0,63
437,4992.0,5,2,2,1928,0,2,0,810006.0,97
438,1198.0,4,2,2,1981,1,1,1,951011.0,44
439,895.0,3,4,3,1911,1,2,1,587953.0,114
440,4671.0,3,2,3,1976,1,1,0,594929.0,49
441,4860.0,3,4,2,1940,2,3,0,475716.0,85
442,3002.0,1,1,3,1901,1,2,0,610085.0,124
443,2319.0,4,2,3,1936,3,1,0,790126.0,89
444,1217.0,5,4,2,1944,0,3,1,358094.0,81
445,3282.0,2,3,3,1979,0,1,0,992550.0,46
446,4077.0,2,4,3,1947,3,2,0,965986.0,78
447,643.0,3,2,3,1923,2,1,0,676627.0,102
448,3640.0,4,1,2,1998,3,2,1,687719.0,27
449,4991.0,1,2,3,1921,0,2,0,282275.0,104
450,3438.0,4,2,1,1999,3,1,0,452854.0,26
451,4136.0,4,4,1,1910,2,3,1,857605.0,115
452,3722.0,1,3,2,2018,0,0,1,718582.0,7
453,1667.0,3,2,1,1957,2,3,1,231136.0,68
454,3116.0,4,3,2,1945,3,3,1,218082.0,80
455,1562.0,2,4,1,1928,1,1,1,303301.0,97
456,2656.0,1,3,1,1934,3,3,0,592383.0,91
457,3482.0,5,4,1,2011,2,3,1,173554.0,14
458,3794.0,3,1,2,2017,3,0,1,444655.0,8
459,1656.0,1,3,2,1914,1,3,1,962046.0,111
460,1232.0,5,3,3,1959,2,0,1,809277.0,66
461,4830.0,5,1,2,1994,3,1,1,528766.0,31
462,1453.0,4,3,1,1941,2,0,1,972879.0,84
463,3039.0,4,1,1,2004,2,2,1,663311.0,21
464,3824.0,4,2,2,1942,0,2,1,681469.0,83
465,3801.0,1,4,2,1979,0,0,0,272310.0,46
466,2042.0,1,1,2,1973,2,2,0,857032.0,52
467,1691.0,3,3,3,1948,3,1,0,838898.0,77
468,3493.0,4,1,1,1963,3,2,1,830637.0,62
469,3181.0,5,3,3,1931,3,0,1,549344.0,94
470,1717.0,2,2,3,1963,1,1,1,750457.0,62
471,2040.0,3,1,1,2014,2,2,0,946366.0,11
472,3736.0,1,2,1,1901,2,1,1,627564.0,124
473,2886.0,3,4,2,1923,1,0,1,493333.0,102
474,4219.0,3,3,2,1986,2,2,1,490187.0,39
475,1888.0,3,3,3,1965,2,1,0,319072.0,60
476,2356.0,3,2,2,1937,1,1,0,891741.0,88
477,1865.0,2,4,2,1930,0,2,1,255719.0,95
478,999.0,4,1,1,2014,2,1,0,746248.0,11
479,2180.0,5,1,1,2003,1,1,1,800385.0,22
480,1010.0,3,3,2,1925,3,0,1,749192.0,100
481,4812.0,3,2,1,1928,0,0,0,166196.0,97
482,1824.0,3,2,2,1966,3,0,0,59404.0,59
483,1655.0,4,1,1,2021,2,0,0,476855.0,4
484,2327.0,1,4,1,1977,0,0,0,783478.0,48
485,3641.0,1,4,1,1924,1,0,1,503814.0,101
486,3986.0,2,1,1,1947,2,2,1,687475.0,78
487,2310.0,1,1,2,1964,1,0,0,946881.0,61
488,3423.0,3,2,3,1952,0,1,0,601972.0,73
489,2714.0,3,4,1,1966,3,2,1,642879.0,59
490,4686.0,3,1,2,2017,2,1,1,431965.0,8
491,1213.0,2,1,2,1989,2,0,1,783082.0,36
492,4102.0,3,3,1,1917,1,0,1,314826.0,108
493,4634.0,1,1,3,1908,0,1,0,161186.0,117
494,4022.0,4,1,1,1937,1,1,0,817469.0,88
495,4768.0,4,4,2,1986,0,1,0,596120.0,39
496,1743.0,5,2,3,1920,2,3,1,591285.0,105
497,4209.0,1,4,2,2020,0,3,1,346784.0,5
498,1581.0,3,2,1,1964,2,3,0,520098.0,61
499,955.0,4,3,3,1920,0,3,0,90491.0,105
500,1394.0,1,1,2,1926,3,2,0,113043.0,99
501,1884.0,4,3,2,2005,0,0,1,948607.0,20
502,2458.0,3,2,2,2022,3,1,0,178568.0,3
503,3572.0,4,4,1,1969,0,0,1,426394.0,56
504,2496.0,5,4,3,2018,0,1,0,647013.0,7
505,4785.0,5,3,1,1943,1,0,0,178131.0,82
506,1004.0,4,2,1,1999,1,2,0,95520.0,26
507,1714.0,1,3,1,1927,2,3,1,375063.0,98
508,2031.0,1,3,3,1944,1,0,1,684157.0,81
509,3940.0,1,1,1,1916,0,1,1,638730.0,109
510,1323.0,4,3,1,2022,1,0,1,835313.0,3
511,1428.0,1,1,1,1939,0,2,1,202842.0,86
512,633.0,3,1,1,2021,3,2,1,417390.0,4
513,2605.0,5,4,2,2015,0,0,0,752858.0,10
514,4127.0,3,1,1,1902,2,3,1,421831.0,123
515,2352.0,1,1,2,1975,3,1,0,572485.0,50
516,4675.0,3,4,1,2002,2,2,1,697735.0,23
517,3433.0,1,3,3,1975,2,2,0,635765.0,50
518,3784.0,4,2,2,1965,2,0,0,574532.0,60
519,4798.0,3,2,2,2019,1,2,1,915885.0,6
520,3311.0,4,2,2,1945,2,2,0,500953.0,80
521,1750.0,4,3,2,1985,3,1,1,227561.0,40
522,4012.0,2,1,3,1986,0,3,1,964394.0,39
523,1756.0,1,2,1,1929,2,1,1,907735.0,96
524,3876.0,5,3,2,1968,3,3,1,340534.0,57
525,3986.0,1,1,3,1908,2,1,0,584535.0,117
526,4084.0,5,4,2,1984,0,0,1,250123.0,41
527,1896.0,1,2,1,1910,3,2,0,765079.0,115
528,4137.0,4,1,2,1968,3,3,0,477894.0,57
529,3830.0,3,2,3,1998,0,0,0,531018.0,27
530,3203.0,3,2,1,1990,3,2,1,257358.0,35
531,970.0,2,2,3,2012,0,2,0,866015.0,13
532,1853.0,5,1,1,1965,3,2,1,566456.0,60
533,3283.0,5,3,1,1987,3,1,0,189148.0,38
534,3331.0,5,1,1,1930,0,0,1,985510.0,95
535,857.0,4,2,2,1932,0,0,1,196123.0,93
536,3519.0,5,1,3,1938,3,2,1,447530.0,87
537,1167.0,3,4,3,1993,3,3,1,602958.0,32
538,4968.0,4,3,3,1945,0,0,0,543973.0,80
539,1645.0,1,1,1,1936,1,1,0,961352.0,89
540,4685.0,5,4,2,2014,0,3,1,60236.0,11
541,4219.0,5,3,1,1991,3,3,0,85568.0,34
542,3245.0,1,4,3,1959,3,3,1,681615.0,66
543,1039.0,5,3,2,1930,3,3,1,305745.0,95
544,3279.0,1,1,2,1910,0,0,0,422332.0,115
545,4636.0,4,4,2,1986,3,2,1,535119.0,39
546,4275.0,3,2,3,2020,1,3,1,328496.0,5
547,3008.0,1,4,2,1901,2,1,1,700009.0,124
548,3279.0,2,3,2,2003,1,1,1,309291.0,22
549,1424.0,1,1,1,2004,0,2,1,488866.0,21
550,3456.0,5,3,1,1926,3,0,0,453562.0,99
551,2081.0,4,4,2,1998,0,2,0,730516.0,27
552,3824.0,4,4,2,1901,2,3,0,105904.0,124
553,4985.0,1,2,1,2002,0,0,1,981539.0,23
554,755.0,3,1,1,2000,3,0,1,958573.0,25
555,2338.0,2,1,1,1920,2,3,1,328252.0,105
556,2444.0,4,4,3,1957,2,1,1,572247.0,68
557,509.0,5,1,3,1904,3,3,1,839285.0,121
558,3371.0,5,2,1,1951,3,2,1,396300.0,74
559,1297.0,3,3,2,1944,3,3,0,316320.0,81
560,1515.0,4,1,1,1984,0,1,1,674747.0,41
561,2324.0,1,4,3,1992,1,3,0,469136.0,33
562,4969.0,5,3,2,1919,0,2,1,235922.0,106
563,3636.0,3,3,3,1960,0,2,0,187901.0,65
564,2693.0,4,2,2,1937,1,1,1,173225.0,88
565,723.0,4,4,3,1919,3,2,0,543406.0,106
566,4658.0,4,1,2,2013,3,2,0,810135.0,12
567,4425.0,4,4,2,1924,1,3,1,271738.0,101
568,4500.0,4,3,2,1901,1,0,1,954890.0,124
569,2133.0,5,4,2,2020,0,2,0,685181.0,5
570,2652.0,3,1,3,1931,2,2,1,910359.0,94
571,1010.0,4,1,3,1925,1,1,1,528076.0,100
572,884.0,2,2,2,1969,0,1,1,954610.0,56
573,904.0,2,1,2,1940,2,3,0,292726.0,85
574,2500.0,3,1,3,2020,3,3,1,352811.0,5
575,3256.0,1,4,2,1966,3,2,0,771202.0,59
576,2168.0,1,4,2,1996,0,0,0,479059.0,29
577,1960.0,1,3,2,1900,0,0,1,756168.0,125
578,4136.0,2,2,1,1950,1,3,0,473759.0,75
579,3224.0,1,4,2,1904,3,1,1,515996.0,121
580,4678.0,5,1,1,1912,0,2,1,56611.0,113
581,2548.0,4,3,2,1918,3,2,0,400386.0,107
582,4646.0,2,4,3,1911,3,0,0,921044.0,114
583,1216.0,3,2,1,1947,1,3,0,883334.0,78
584,2323.0,3,2,1,1924,2,0,0,821812.0,101
585,2581.0,4,3,2,1956,1,0,0,345187.0,69
586,3919.0,2,3,2,2014,0,3,1,186343.0,11
587,2074.0,1,3,1,1934,1,1,0,909299.0,91
588,749.0,1,3,3,1975,1,2,1,389233.0,50
589,1173.0,5,3,3,1993,3,1,1,895177.0,32
590,2665.0,5,1,2,1904,1,3,0,540092.0,121
591,1270.0,1,1,3,1997,0,3,0,240191.0,28
592,4462.0,3,4,3,1921,2,2,0,716933.0,104
593,4863.0,3,2,2,2002,1,1,0,726769.0,23
594,2484.0,5,1,3,1976,1,2,0,922402.0,49
595,1577.0,4,1,2,1956,2,0,1,336608.0,69
596,735.0,1,1,1,1946,0,0,1,299220.0,79
597,888.0,5,4,2,1953,0,0,1,486056.0,72
598,3537.0,5,3,1,1902,1,1,0,692811.0,123
599,2348.0,1,4,1,2023,3,0,0,594950.0,2
600,3314.0,1,2,3,1952,1,2,1,854660.0,73
601,3874.0,3,2,3,1983,2,1,0,635009.0,42
602,3778.0,4,2,3,1930,2,2,0,712746.0,95
603,1752.0,4,2,2,1968,2,3,0,843294.0,57
604,4481.0,1,1,3,1987,1,1,1,614396.0,38
605,2622.0,2,1,1,2003,1,2,0,141788.0,22
606,2650.0,5,4,3,2017,0,2,1,518239.0,8
607,1829.0,5,3,3,1932,3,1,0,294437.0,93
608,1858.0,1,2,2,1971,1,3,0,811299.0,54
609,2982.0,2,4,2,1987,0,1,1,916572.0,38
610,2517.0,3,1,1,1949,1,0,0,732561.0,76
611,1831.0,1,1,2,1983,0,0,0,905010.0,42
612,4844.0,1,3,3,2023,0,3,0,99966.0,2
613,4761.0,5,3,2,1915,3,2,1,235846.0,110
614,1858.0,1,3,1,2013,1,2,0,322530.0,12
615,3677.0,1,4,3,2015,0,2,0,651516.0,10
616,2628.0,1,1,1,1975,2,1,0,196297.0,50
617,2680.0,5,1,2,1976,2,1,0,459909.0,49
618,637.0,3,3,2,2008,2,3,0,384341.0,17
619,3972.0,3,2,1,2005,3,0,1,93021.0,20
620,3332.0,1,3,3,1938,0,2,1,431059.0,87
621,4079.0,5,4,2,1988,3,0,0,199333.0,37
622,3531.0,3,3,2,1945,1,1,0,470594.0,80
623,4664.0,3,3,3,1995,1,1,1,953606.0,30
624,3093.0,3,4,2,1987,0,1,0,826934.0,38
625,4800.0,5,3,1,2011,2,0,0,136755.0,14
626,4318.0,5,1,2,1946,0,3,0,979441.0,79
627,4638.0,1,2,2,1943,0,3,0,116330.0,82
628,4323.0,4,3,3,1908,0,1,0,752726.0,117
629,4542.0,3,4,1,2003,3,2,0,908754.0,22
630,2406.0,4,2,3,2013,1,0,0,938750.0,12
631,1260.0,5,4,2,1986,0,1,0,619601.0,39
632,3945.0,5,2,2,1949,0,0,1,284729.0,76
633,1399.0,5,2,3,1976,0,0,1,807071.0,49
634,4955.0,4,3,3,1959,3,3,0,339176.0,66
635,3447.0,5,1,3,2022,3,1,0,535179.0,3
636,2219.0,1,3,1,1995,3,3,0,198430.0,30
637,780.0,5,4,2,2013,0,1,0,898142.0,12
638,3766.0,2,4,3,1914,2,0,1,407470.0,111
639,2387.0,4,2,2,1935,2,3,1,398301.0,90
640,3766.0,2,2,1,2012,2,0,1,492037.0,13
641,1166.0,5,1,1,1962,1,1,1,78365.0,63
642,4688.0,1,3,1,1968,0,2,0,325333.0,57
643,1171.0,3,4,1,1985,2,3,0,519965.0,40
644,2469.0,5,2,2,1979,2,3,0,581536.0,46
645,4656.0,1,1,1,1940,2,0,1,54369.0,85
646,3622.0,4,4,1,1973,0,0,0,506979.0,52
647,4400.0,2,2,3,1923,2,2,0,975554.0,102
648,1023.0,2,4,1,1981,2,3,1,865037.0,44
649,2893.0,2,1,3,1948,0,1,1,886048.0,77
650,3617.0,4,1,1,1917,1,1,1,497695.0,108
651,3093.0,1,4,1,1906,3,3,1,415863.0,119
652,2468.0,4,3,3,1903,2,3,1,221955.0,122
653,2253.0,2,4,1,1989,3,3,0,607343.0,36
654,2796.0,5,2,2,1968,1,2,0,774091.0,57
655,2761.0,3,3,2,1959,1,1,1,428824.0,66
656,2786.0,4,2,1,1954,2,1,0,319594.0,71
657,4702.0,4,4,2,1915,0,0,0,183997.0,110
658,3378.0,1,3,3,1998,1,0,0,523267.0,27
659,4643.0,1,2,1,1989,3,3,0,100272.0,36
660,4144.0,4,4,1,1981,3,0,1,55310.0,44
661,4932.0,2,4,3,1928,3,2,0,81817.0,97
662,2555.0,3,3,3,1922,3,1,0,558350.0,103
663,1776.0,1,4,3,2016,1,1,0,536160.0,9
664,3266.0,2,1,1,1913,2,0,1,487744.0,112
665,802.0,5,2,3,1978,2,3,0,790176.0,47
666,1138.0,1,2,3,1948,3,0,1,132641.0,77
667,555.0,2,4,2,1932,2,3,1,789443.0,93
668,1025.0,2,4,2,1924,3,2,1,781670.0,101
669,4623.0,3,1,1,1920,3,1,1,589745.0,105
670,2625.0,3,3,2,1916,0,2,0,92311.0,109
671,3787.0,5,4,2,1922,1,1,1,971484.0,103
672,864.0,2,4,3,1956,1,2,1,201958.0,69
673,2146.0,2,4,3,2006,3,0,1,520328.0,19
674,1418.0,3,4,2,1980,1,2,1,494093.0,45
675,3297.0,1,2,2,1957,2,2,1,697861.0,68
676,2031.0,1,4,2,1913,3,0,0,409571.0,112
677,3845.0,4,2,1,1992,0,1,1,872613.0,33
678,2406.0,3,4,1,1919,2,1,0,214334.0,106
679,3586.0,4,3,1,1929,0,0,0,968451.0,96
680,2575.0,3,1,2,1918,0,2,1,443238.0,107
681,1213.0,5,3,2,1952,1,2,0,837560.0,73
682,1562.0,2,4,1,2002,1,2,0,653810.0,23
683,2476.0,5,4,1,1955,3,3,0,213394.0,70
684,1796.0,3,4,2,1976,1,1,1,98929.0,49
685,625.0,2,3,3,1981,0,2,1,655984.0,44
686,4096.0,1,4,1,1922,0,1,1,427389.0,103
687,3783.0,1,3,2,1961,2,2,1,846240.0,64
688,2103.0,4,2,2,2009,0,0,1,669436.0,16
689,566.0,3,1,3,1932,3,0,1,496098.0,93
690,732.0,3,1,2,2002,3,1,1,858157.0,23
691,2656.0,1,3,2,2003,1,1,0,384678.0,22
692,1669.0,5,2,1,1917,1,0,0,352094.0,108
693,2658.0,2,3,1,1972,1,3,1,794314.0,53
694,4706.0,5,2,3,1932,3,0,0,133576.0,93
695,1993.0,5,4,3,1931,0,2,1,70557.0,94
696,4507.0,1,2,2,1960,1,3,1,596113.0,65
697,2972.0,1,2,1,1953,2,0,1,321142.0,72
698,3160.0,1,2,3,1916,1,3,0,86080.0,109
699,3239.0,4,1,3,1918,3,3,1,833103.0,107
700,2261.0,5,2,3,1990,1,3,1,238869.0,35
701,4014.0,3,4,2,1969,0,1,1,721162.0,56
702,2475.0,2,4,1,1998,1,0,1,978671.0,27
703,2862.0,4,4,3,2019,3,1,0,543844.0,6
704,1376.0,3,2,1,2000,3,1,1,616695.0,25
705,4312.0,5,3,3,1933,2,2,0,170283.0,92
706,3948.0,1,3,3,1983,3,2,0,63338.0,42
707,1812.0,5,4,1,1924,2,3,1,650577.0,101
708,1960.0,2,1,1,1967,0,3,1,514736.0,58
709,3209.0,4,3,1,1973,3,2,0,724255.0,52
710,2824.0,4,2,2,1973,1,2,0,228982.0,52
711,2233.0,2,3,3,1987,0,0,0,967461.0,38
712,2105.0,3,4,2,1984,1,3,0,159367.0,41
713,3063.0,3,1,1,1910,1,3,1,378042.0,115
714,3921.0,4,3,3,1990,1,2,0,970958.0,35
715,4017.0,4,3,2,1915,0,0,0,691774.0,110
716,2897.0,1,4,3,1989,0,2,0,398684.0,36
717,4235.0,3,1,2,1960,3,2,0,544775.0,65
718,3370.0,2,1,1,1993,1,1,1,788497.0,32
719,1660.0,3,4,2,2012,2,3,1,493853.0,13
720,742.0,1,2,3,1979,3,0,1,830343.0,46
721,3090.0,4,3,3,1906,0,1,0,710709.0,119
722,1563.0,4,2,3,1915,2,3,0,961848.0,110
723,4824.0,1,3,3,1998,0,2,1,876395.0,27
724,3095.0,2,3,1,2021,2,0,1,450966.0,4
725,1419.0,4,2,2,1915,3,3,0,407073.0,110
726,505.0,5,4,1,1939,2,2,1,727823.0,86
727,967.0,4,4,1,1911,3,1,0,649223.0,114
728,4670.0,5,3,1,1934,0,0,0,764152.0,91
729,503.0,1,4,3,2012,2,3,0,850118.0,13
730,1145.0,1,3,3,1920,1,1,0,549555.0,105
731,617.0,4,4,3,1949,1,2,0,113528.0,76
732,3428.0,3,3,2,1942,0,2,0,674099.0,83
733,3051.0,5,4,3,1999,2,3,1,558907.0,26
734,4789.0,2,1,2,2011,1,2,1,334931.0,14
735,1346.0,4,2,3,1916,3,0,1,982280.0,109
736,3262.0,2,1,3,1931,2,3,0,427757.0,94
737,1641.0,4,2,1,1940,2,1,1,762787.0,85
738,2310.0,3,2,1,1905,1,3,0,834429.0,120
739,1223.0,3,3,1,1987,3,3,0,154887.0,38
740,724.0,3,2,2,1926,3,1,0,111086.0,99
741,4708.0,3,1,2,1919,3,2,0,938663.0,106
742,2548.0,1,1,3,1924,2,1,1,305494.0,101
743,4915.0,1,4,2,1965,0,0,1,558889.0,60
744,2073.0,5,1,3,1908,2,2,1,637596.0,117
745,2328.0,2,4,2,1991,2,3,0,327941.0,34
746,2417.0,4,2,2,1952,1,2,1,317446.0,73
747,4734.0,4,1,2,1960,0,2,1,506388.0,65
748,2526.0,1,2,1,1937,3,0,1,612347.0,88
749,4244.0,4,1,2,1902,1,2,0,181980.0,123
750,1401.0,1,1,1,1983,2,2,1,765612.0,42
751,2539.0,5,4,1,1969,0,2,0,523875.0,56
752,509.0,2,2,2,2002,3,3,1,193949.0,23
753,760.0,5,1,3,1996,3,2,0,326383.0,29
754,2173.0,3,3,3,1954,2,1,1,77313.0,71
755,2719.0,3,2,3,1900,3,2,1,92103.0,125
756,2560.0,3,2,2,2000,3,0,1,229480.0,25
757,4213.0,5,2,3,1969,0,2,0,526467.0,56
758,2119.0,4,4,1,1944,1,2,1,138771.0,81
759,820.0,2,3,3,1997,0,3,1,176228.0,28
760,1842.0,3,2,2,1946,1,1,0,141665.0,79
761,2876.0,3,1,3,1978,1,2,0,846966.0,47
762,3332.0,3,1,1,2008,1,1,0,879492.0,17
763,3324.0,2,4,2,1925,3,0,0,853621.0,100
764,2494.0,3,1,3,2020,0,3,1,964863.0,5
765,3458.0,2,2,2,1913,3,1,1,660355.0,112
766,2538.0,3,1,2,2021,2,3,0,847399.0,4
767,3990.0,5,2,2,1953,0,2,1,787351.0,72
768,4177.0,5,1,3,1970,1,0,0,901995.0,55
769,1618.0,2,3,2,1945,3,3,1,320804.0,80
770,2104.0,5,4,3,2021,3,2,0,430815.0,4
771,4527.0,2,4,1,1930,0,1,1,534091.0,95
772,735.0,5,3,3,1987,0,0,0,179909.0,38
773,2469.0,5,3,1,1958,1,0,0,483039.0,67
774,4929.0,2,4,3,1994,1,1,1,499058.0,31
775,2408.0,4,3,2,1928,2,1,1,190688.0,97
776,875.0,5,2,3,2005,1,0,1,125976.0,20
777,4030.0,3,1,2,1995,3,3,0,807496.0,30
778,3135.0,4,4,1,1916,2,0,1,229810.0,109
779,2070.0,2,3,3,1913,2,1,0,325251.0,112
780,3060.0,4,2,2,2003,2,3,1,766764.0,22
781,3891.0,1,4,1,1935,0,2,1,668470.0,90
782,3465.0,1,3,1,1957,1,0,0,817441.0,68
783,4143.0,5,4,3,2011,2,1,0,928219.0,14
784,4350.0,5,3,1,1923,0,2,1,852386.0,102
785,1372.0,3,4,2,2008,0,0,0,329087.0,17
786,1752.0,4,2,1,1962,2,0,0,90725.0,63
787,1814.0,1,2,1,2017,2,3,1,881866.0,8
788,3398.0,5,1,2,1990,3,1,0,922183.0,35
789,577.0,4,4,1,1924,2,2,1,584398.0,101
790,3121.0,5,1,1,1958,3,0,1,548864.0,67
791,4727.0,5,4,1,1931,2,3,0,328606.0,94
792,1100.0,1,3,1,2015,2,2,1,391376.0,10
793,1565.0,1,3,2,1981,1,2,0,759441.0,44
794,2636.0,5,1,1,2009,2,0,1,496015.0,16
795,2949.0,2,4,2,1917,2,2,0,640855.0,108
796,2843.0,5,1,1,1936,3,0,0,532517.0,89
797,2363.0,5,2,1,1925,3,3,0,756584.0,100
798,1818.0,3,1,1,1908,1,3,0,439569.0,117
799,4097.0,3,1,1,2023,2,2,0,892495.0,2
800,4262.0,3,3,2,1998,2,0,1,163394.0,27
801,2690.0,2,1,2,1963,3,1,1,891672.0,62
802,1492.0,2,4,2,1971,0,3,0,917784.0,54
803,3212.0,5,3,3,1919,0,0,1,198940.0,106
804,2692.0,3,1,1,1953,0,0,0,393133.0,72
805,1748.0,2,2,1,2005,3,0,0,72222.0,20
806,3554.0,1,1,2,1985,3,2,1,129794.0,40
807,4533.0,5,1,3,1982,0,1,1,638212.0,43
808,2497.0,4,1,1,1929,0,2,0,674142.0,96
809,4187.0,5,3,2,1952,2,3,0,914945.0,73
810,2651.0,4,4,1,1991,3,2,0,834326.0,34
811,4518.0,3,2,1,1998,3,0,0,891081.0,27
812,3610.0,4,1,2,2006,0,2,0,415130.0,19
813,2470.0,3,4,2,1962,0,0,0,818103.0,63
814,697.0,1,4,1,1910,1,1,1,920181.0,115
815,3126.0,4,3,1,1930,3,2,0,283127.0,95
816,1702.0,5,2,2,1948,1,2,0,554434.0,77
817,2535.0,3,3,1,2011,2,2,1,191295.0,14
818,977.0,5,4,1,2002,1,0,0,229238.0,23
819,1754.0,2,4,2,1999,0,0,0,89369.0,26
820,1422.0,3,4,1,1993,3,2,1,922811.0,32
821,919.0,4,3,1,1986,3,2,0,905824.0,39
822,2704.0,3,2,3,1918,1,1,1,849093.0,107
823,3097.0,5,1,2,1911,1,1,0,720951.0,114
824,1620.0,1,3,3,1914,2,3,1,383862.0,111
825,3568.0,3,4,3,1930,2,1,1,760595.0,95
826,1450.0,4,3,3,1942,0,1,1,320114.0,83
827,2836.0,2,4,1,2000,0,1,0,97922.0,25
828,2743.0,1,1,1,1936,0,0,0,543614.0,89
829,3145.0,2,1,3,1978,1,1,1,867187.0,47
830,2357.0,3,2,3,1928,1,1,1,695214.0,97
831,2365.0,5,4,3,2013,3,2,0,69416.0,12
832,3412.0,5,2,1,2006,0,0,0,63672.0,19
833,3353.0,4,2,3,1925,1,3,0,526684.0,100
834,3728.0,5,1,3,2007,3,3,0,178145.0,18
835,4219.0,1,3,2,1901,0,1,0,752356.0,124
836,3728.0,5,3,2,1983,2,3,1,910527.0,42
837,2871.0,4,2,1,1914,2,3,0,50064.0,111
838,3391.0,3,1,2,2015,1,3,1,118835.0,10
839,4256.0,3,4,2,1903,3,1,0,251457.0,122
840,4725.0,5,3,2,1985,2,3,1,973143.0,40
841,594.0,2,2,1,1949,3,1,1,297795.0,76
842,3174.0,3,3,2,1937,3,2,0,454271.0,88
843,2455.0,5,3,1,1922,2,2,1,399738.0,103
844,1293.0,4,4,3,1958,3,3,1,996931.0,67
845,2334.0,5,1,2,1989,2,2,1,691204.0,36
846,2616.0,3,4,1,2014,1,1,1,956740.0,11
847,4606.0,4,1,2,1974,0,2,0,918948.0,51
848,3825.0,5,3,3,1927,0,3,1,901098.0,98
849,3419.0,1,2,1,2019,1,1,0,245346.0,6
850,3097.0,4,4,1,1965,2,0,1,954726.0,60
851,3705.0,1,1,1,2022,2,1,0,323010.0,3
852,1314.0,2,3,3,1907,2,2,0,53889.0,118
853,845.0,4,1,3,1928,2,0,0,168194.0,97
854,2849.0,1,1,3,1910,1,1,1,174714.0,115
855,862.0,3,1,1,2000,0,0,0,605623.0,25
856,2943.0,3,3,3,1917,3,0,0,100547.0,108
857,2765.0,2,2,2,1954,3,0,1,207234.0,71
858,2688.0,4,2,3,1949,0,1,0,794809.0,76
859,3505.0,4,2,1,1913,1,2,1,730047.0,112
860,3781.0,4,1,2,2017,3,1,1,935188.0,8
861,1484.0,2,3,3,1973,0,2,0,323139.0,52
862,2139.0,4,1,2,1998,1,1,1,499704.0,27
863,1327.0,3,2,2,1908,3,1,1,52631.0,117
864,3230.0,1,2,1,1998,2,1,1,187039.0,27
865,4031.0,3,3,2,1910,2,2,0,924726.0,115
866,4951.0,3,1,2,1962,1,1,1,399422.0,63
867,3435.0,1,4,1,2007,2,0,1,638759.0,18
868,4376.0,3,4,1,1975,1,1,1,349260.0,50
869,626.0,2,2,1,1966,0,0,0,928548.0,59
870,3677.0,1,3,2,1952,0,3,1,477443.0,73
871,3556.0,3,1,2,1938,3,3,0,707302.0,87
872,1103.0,5,1,2,1977,1,2,1,621952.0,48
873,3949.0,3,2,1,1955,3,2,0,733429.0,70
874,4646.0,2,2,3,1927,3,3,0,137342.0,98
875,4033.0,4,1,2,1974,0,1,0,64407.0,51
876,3867.0,3,1,3,1938,3,1,1,163926.0,87
877,3868.0,4,2,1,1924,2,1,1,371345.0,101
878,4297.0,5,1,2,1920,3,3,1,916525.0,105
879,2292.0,3,4,3,1909,1,0,0,497564.0,116
880,3361.0,1,2,2,1942,2,2,1,787341.0,83
881,3976.0,4,1,2,1914,0,0,1,592166.0,111
882,3917.0,5,2,2,1982,1,3,0,133100.0,43
883,2145.0,1,3,3,1947,2,0,1,915061.0,78
884,1705.0,1,2,1,1985,1,1,1,498636.0,40
885,3530.0,1,2,2,1920,2,1,0,544308.0,105
886,3372.0,1,3,1,1959,1,0,0,273059.0,66
887,3572.0,3,4,1,2015,1,3,1,617456.0,10
888,2354.0,3,1,3,2007,2,0,0,300396.0,18
889,4521.0,3,3,3,1995,0,1,1,824769.0,30
890,3208.0,5,2,1,1949,0,1,1,367006.0,76
891,4002.0,5,1,2,1922,1,3,1,78004.0,103
892,1832.0,5,3,3,1912,1,0,1,856903.0,113
893,701.0,2,1,2,1968,0,1,1,574252.0,57
894,4007.0,5,1,2,1903,0,1,0,666108.0,122
895,4712.0,3,3,2,1991,3,0,0,241239.0,34
896,1074.0,3,1,1,1977,0,0,1,676517.0,48
897,1036.0,2,4,2,1971,1,2,0,527044.0,54
898,2125.0,2,3,1,1908,2,3,0,901740.0,117
899,2622.0,5,4,1,2020,0,3,1,396113.0,5
900,885.0,4,2,2,2014,3,0,0,64568.0,11
901,3781.0,2,1,2,1934,3,3,0,583754.0,91
902,974.0,1,2,2,2000,3,1,1,272129.0,25
903,917.0,3,2,2,1920,2,0,1,631612.0,105
904,4100.0,1,1,1,1957,0,0,1,938640.0,68
905,1454.0,3,3,2,1917,0,0,1,196539.0,108
906,1705.0,3,1,2,1996,0,2,1,650243.0,29
907,4620.0,2,2,1,1971,2,3,1,197748.0,54
908,2490.0,2,2,3,2014,2,2,1,144791.0,11
909,4072.0,1,3,3,2012,1,1,0,736874.0,13
910,4880.0,3,1,1,1980,3,3,1,945150.0,45
911,4658.0,1,2,3,1942,3,2,0,596938.0,83
912,3213.0,4,4,1,1994,0,0,0,400434.0,31
913,2703.0,1,2,2,1997,2,2,1,127701.0,28
914,3620.0,5,2,2,1905,2,0,0,847115.0,120
915,1466.0,1,3,3,1985,0,2,0,279164.0,40
916,3932.0,5,4,2,1977,0,2,0,503035.0,48
917,1188.0,5,2,3,1966,1,2,1,655266.0,59
918,4743.0,5,2,3,1911,3,0,0,579148.0,114
919,4201.0,4,4,2,1999,3,2,0,709089.0,26
920,841.0,1,1,2,1911,3,3,1,605639.0,114
921,2224.0,1,1,3,2008,1,3,0,555920.0,17
922,4922.0,4,2,2,1965,0,3,0,374888.0,60
923,2292.0,3,2,1,1901,0,0,0,729706.0,124
924,2259.0,2,1,2,1914,3,0,0,956630.0,111
925,3712.0,1,3,2,1922,3,3,0,910587.0,103
926,1489.0,2,4,1,1928,1,3,1,171449.0,97
927,2762.0,4,4,2,1980,2,3,0,650988.0,45
928,2982.0,3,3,2,1995,2,1,1,809774.0,30
929,1451.0,3,3,3,1906,3,3,0,843387.0,119
930,1222.0,3,3,2,1993,1,2,1,307571.0,32
931,3889.0,4,3,2,1927,3,1,1,513506.0,98
932,2579.0,5,3,1,1913,2,1,1,487509.0,112
933,3217.0,5,3,3,1943,3,0,0,766696.0,82
934,2832.0,2,4,3,1929,2,2,0,858094.0,96
935,3876.0,5,3,3,1980,2,0,0,580696.0,45
936,2000.0,5,1,2,1931,2,0,0,745763.0,94
937,785.0,3,3,3,2009,0,2,0,313369.0,16
938,3995.0,3,3,1,1969,0,0,1,979700.0,56
939,2565.0,2,4,3,2014,3,2,1,513002.0,11
940,1268.0,1,4,1,1987,2,2,1,196444.0,38
941,3557.0,2,3,3,1905,0,0,0,831608.0,120
942,4789.0,2,4,3,1926,3,3,0,591567.0,99
943,2661.0,4,2,1,1981,3,0,1,160401.0,44
944,3793.0,4,4,3,1987,3,1,0,276801.0,38
945,1446.0,2,4,3,2000,3,0,0,821668.0,25
946,3835.0,2,4,3,2019,3,2,1,553575.0,6
947,4650.0,2,4,2,1923,1,1,1,928836.0,102
948,1981.0,5,1,1,2001,2,2,0,219259.0,24
949,2401.0,4,1,3,1933,3,3,0,297145.0,92
950,3951.0,2,1,1,1939,1,3,1,360625.0,86
951,4564.0,3,3,1,1946,2,1,0,733835.0,79
952,554.0,3,3,1,1978,0,3,1,94552.0,47
953,2323.0,5,2,3,1974,3,3,1,249041.0,51
954,3962.0,5,1,3,1985,1,0,1,257606.0,40
955,3579.0,1,3,1,2017,0,0,0,804965.0,8
956,1332.0,1,4,2,1923,1,3,1,836157.0,102
957,4908.0,1,4,1,1964,2,3,1,450074.0,61
958,3306.0,5,1,2,1917,2,0,0,779846.0,108
959,2990.0,5,2,1,1943,0,3,1,124474.0,82
960,827.0,5,2,1,1975,1,3,0,337312.0,50
961,3810.0,3,4,1,1956,3,2,0,606387.0,69
962,3800.0,5,2,3,2006,3,3,0,252252.0,19
963,4175.0,3,1,2,1927,0,1,1,814742.0,98
964,3554.0,1,4,2,2003,0,2,1,373599.0,22
965,2643.0,1,3,1,2023,0,1,0,628528.0,2
966,1811.0,1,3,3,1970,1,3,0,386940.0,55
967,3691.0,2,2,3,1922,3,0,0,891024.0,103
968,3038.0,2,4,2,1984,3,2,1,835034.0,41
969,4483.0,4,4,3,1933,3,0,0,434325.0,92
970,664.0,4,3,2,1910,0,2,0,302051.0,115
971,4777.0,4,4,2,1985,3,0,0,151611.0,40
972,1322.0,2,4,2,2005,2,2,1,632334.0,20
973,1443.0,2,4,3,1934,0,2,0,824756.0,91
974,4925.0,4,2,2,2015,3,1,1,66488.0,10
975,1274.0,4,4,2,1992,1,0,1,239913.0,33
976,2698.0,5,1,1,1941,0,1,0,430665.0,84
977,3656.0,4,2,2,1927,2,1,0,967899.0,98
978,4742.0,5,4,2,2022,2,0,0,758029.0,3
979,4195.0,3,4,1,1981,1,2,1,716205.0,44
980,3952.0,2,1,1,1977,1,1,1,741419.0,48
981,1414.0,4,2,3,1981,0,0,1,68394.0,44
982,1808.0,2,3,2,1991,0,2,0,930425.0,34
983,4677.0,2,3,3,1923,2,1,1,226978.0,102
984,1013.0,2,2,3,1907,1,1,0,109332.0,118
985,2420.0,3,4,1,2005,0,1,0,218377.0,20
986,4094.0,1,4,3,2017,2,2,0,92628.0,8
987,1909.0,4,3,2,2008,1,1,1,857784.0,17
988,3690.0,1,3,1,1952,2,2,1,529898.0,73
989,4991.0,1,3,2,1971,3,3,1,919403.0,54
990,2055.0,1,1,2,1903,1,1,0,101993.0,122
991,1304.0,2,3,1,1990,0,3,1,220458.0,35
992,1779.0,5,1,2,1999,0,0,1,939459.0,26
993,4077.0,2,2,1,1904,3,1,0,500281.0,121
994,3401.0,2,4,2,1996,1,0,0,956644.0,29
995,1887.0,1,3,1,1948,2,0,1,528720.0,77
996,3261.0,2,4,3,1997,0,0,0,556357.0,28
997,3179.0,1,4,2,1929,3,3,1,58539.0,96
998,2606.0,5,3,1,1971,3,2,0,182335.0,54
999,4723.0,4,3,2,2002,1,3,0,456521.0,23
1000,3268.0,1,2,2,1962,1,3,1,890249.0,63
1001,4453.0,5,1,2,1946,0,0,0,991902.0,79
1002,3686.0,4,1,1,1925,3,1,0,290310.0,100
1003,3780.0,3,4,3,1956,2,2,0,256873.0,69
1004,3073.0,1,3,3,1936,3,0,1,361251.0,89
1005,3099.0,1,2,3,1997,2,2,0,999656.0,28
1006,4533.0,3,2,1,1906,2,3,0,536476.0,119
1007,736.0,3,2,3,1939,0,2,1,998128.0,86
1008,1804.0,1,2,1,1991,3,2,1,965672.0,34
1009,3930.0,3,2,2,1938,2,1,0,411799.0,87
1010,1801.0,2,1,2,1961,1,0,0,630420.0,64
1011,3041.0,4,1,3,2002,2,2,0,962133.0,23
1012,2551.0,4,1,1,1991,1,2,1,155494.0,34
1013,941.0,4,3,2,1977,1,3,0,889411.0,48
1014,2576.0,2,4,1,1952,3,3,1,894445.0,73
1015,3680.0,3,2,1,2013,1,2,1,275997.0,12
1016,3157.0,5,3,2,2001,2,0,0,638085.0,24
1017,4298.0,3,2,1,1903,1,2,0,101798.0,122
1018,1304.0,1,1,2,2005,3,2,1,722010.0,20
1019,574.0,4,3,2,1981,0,1,0,469230.0,44
1020,2675.0,3,1,2,2007,2,0,0,650709.0,18
1021,4424.0,5,2,1,2011,2,1,1,319578.0,14
1022,2589.0,1,2,2,1924,3,0,0,866460.0,101
1023,540.0,2,4,1,1906,3,0,1,640846.0,119
1024,2581.0,2,2,2,2001,3,0,0,860763.0,24
1025,2122.0,5,1,2,1927,3,1,1,117573.0,98
1026,841.0,1,2,3,1968,2,1,1,703761.0,57
1027,4552.0,4,4,3,1966,0,1,0,517508.0,59
1028,2574.0,3,4,3,2007,1,3,1,227398.0,18
1029,1145.0,1,1,1,1994,1,1,1,395123.0,31
1030,4763.0,2,3,1,2010,0,3,0,840555.0,15
1031,1109.0,5,2,2,2005,0,3,0,328747.0,20
1032,954.0,5,4,2,2021,0,3,0,378085.0,4
1033,3453.0,3,2,2,1919,3,2,1,92597.0,106
1034,2208.0,5,2,2,1982,2,2,1,768598.0,43
1035,3972.0,5,3,1,2011,2,2,1,920670.0,14
1036,3469.0,1,4,2,2023,2,3,0,485935.0,2
1037,3528.0,4,2,2,1910,3,3,1,797146.0,115
1038,3181.0,3,4,3,2003,2,0,1,353895.0,22
1039,4129.0,1,1,2,1966,3,3,0,962894.0,59
1040,4725.0,4,1,2,1986,2,2,1,136978.0,39
1041,3567.0,1,2,2,1906,0,3,0,329837.0,119
1042,1886.0,1,4,1,1922,1,3,0,532757.0,103
1043,4276.0,5,2,3,1960,1,0,0,218769.0,65
1044,3366.0,4,4,2,1970,3,3,1,406668.0,55
1045,3863.0,3,4,2,2009,2,1,1,410013.0,16
1046,4624.0,3,3,3,1933,1,0,1,735352.0,92
1047,648.0,4,3,2,2005,0,3,0,375969.0,20
1048,4350.0,5,3,1,1918,0,3,0,714882.0,107
1049,2558.0,2,2,2,1957,0,0,0,442619.0,68
1050,1636.0,1,3,1,1908,3,3,1,881838.0,117
1051,686.0,5,3,1,1947,3,2,1,288078.0,78
1052,3354.0,4,1,2,2014,2,1,1,290140.0,11
1053,1750.0,1,4,3,1981,0,1,1,717481.0,44
1054,1833.0,3,4,1,1940,2,2,1,697659.0,85
1055,4693.0,2,3,3,1947,2,3,0,457435.0,78
1056,4650.0,3,4,2,1944,0,3,1,838049.0,81
1057,3211.0,4,1,1,2005,2,1,0,93016.0,20
1058,2285.0,1,1,2,1924,1,3,0,493888.0,101
1059,1250.0,4,3,3,2015,3,1,1,336420.0,10
1060,2262.0,1,1,2,1977,2,1,0,805247.0,48
1061,4420.0,5,4,2,2007,0,2,1,384384.0,18
1062,4960.0,2,2,1,1924,3,1,1,942724.0,101
1063,981.0,5,4,2,1918,3,3,0,236807.0,107
1064,653.0,5,2,2,1938,2,3,1,592247.0,87
1065,2024.0,4,3,2,2018,1,0,1,602810.0,7
1066,2620.0,2,2,1,1978,2,3,0,499303.0,47
1067,2843.0,1,1,3,1979,1,0,0,453169.0,46
1068,1740.0,1,4,3,1926,3,1,0,76567.0,99
1069,560.0,3,2,2,2003,2,3,0,503739.0,22
1070,1438.0,1,4,1,1973,0,2,0,112708.0,52
1071,2139.0,4,3,2,1962,2,2,0,176206.0,63
1072,4620.0,5,3,3,1967,1,2,1,596848.0,58
1073,4726.0,5,1,1,2014,1,1,1,632678.0,11
1074,4069.0,5,3,3,1918,2,1,1,700060.0,107
1075,1752.0,2,2,3,1927,1,0,0,511365.0,98
1076,4703.0,1,3,1,1984,3,2,1,357248.0,41
1077,671.0,4,1,1,2022,2,0,0,632093.0,3
1078,1958.0,2,4,2,2010,1,0,1,286109.0,15
1079,4049.0,3,4,2,1977,2,3,0,545951.0,48
1080,4697.0,4,3,3,1932,2,3,1,336640.0,93
1081,2822.0,4,2,1,2011,0,2,0,788661.0,14
1082,2136.0,4,1,1,1909,2,1,0,141257.0,116
1083,3615.0,5,2,2,1982,0,3,0,53515.0,43
1084,4590.0,4,1,3,1929,1,1,0,578742.0,96
1085,3504.0,1,3,3,1921,0,0,1,287145.0,104
1086,829.0,4,1,2,1902,0,0,1,72873.0,123
1087,4140.0,5,1,1,2000,0,0,0,910352.0,25
1088,4394.0,4,3,2,2004,3,0,0,325871.0,21
1089,4607.0,3,2,2,1981,0,2,0,702664.0,44
1090,1841.0,3,3,2,1974,2,0,1,643358.0,51
1091,4163.0,5,1,2,1947,0,3,0,935491.0,78
1092,715.0,1,3,1,1901,2,0,0,698852.0,124
1093,838.0,1,1,2,1975,0,1,1,278497.0,50
1094,4562.0,2,3,1,1953,3,3,0,691501.0,72
1095,3208.0,5,4,2,1905,1,1,0,755339.0,120
1096,3652.0,4,4,3,2006,0,1,1,599753.0,19
1097,2250.0,5,3,1,2022,0,2,0,234972.0,3
1098,2921.0,2,2,3,1939,3,2,0,634087.0,86
1099,1209.0,5,1,2,2007,0,1,1,560237.0,18
1100,4226.0,5,4,2,1992,2,1,0,670417.0,33
1101,4142.0,2,2,2,2022,0,0,1,464546.0,3
1102,4493.0,1,1,1,1993,0,3,0,713662.0,32
1103,988.0,4,4,3,1901,1,0,0,419432.0,124
1104,546.0,2,4,1,1972,1,2,0,293761.0,53
1105,3859.0,3,3,1,2010,0,2,0,292821.0,15
1106,900.0,1,1,2,1901,3,0,0,62875.0,124
1107,4490.0,3,2,3,1992,1,3,1,601507.0,33
1108,3657.0,1,2,2,1996,0,1,0,872614.0,29
1109,4845.0,4,2,1,1973,1,0,0,785901.0,52
1110,890.0,4,1,2,1997,0,2,1,485485.0,28
1111,4353.0,5,2,3,2007,1,3,1,391925.0,18
1112,4930.0,3,2,2,1954,1,2,0,56457.0,71
1113,1128.0,1,2,3,1971,2,3,1,974253.0,54
1114,4732.0,4,3,3,2000,0,3,0,83064.0,25
1115,3430.0,2,3,2,2017,0,3,1,977325.0,8
1116,2021.0,4,1,1,1959,0,0,1,689544.0,66
1117,1326.0,2,1,2,1996,0,0,0,934729.0,29
1118,2000.0,1,2,1,2010,1,0,1,808947.0,15
1119,3794.0,4,3,1,1905,2,3,0,259727.0,120
1120,2919.0,4,4,2,2007,2,3,1,975168.0,18
1121,1434.0,1,4,1,2003,3,2,1,210353.0,22
1122,3542.0,4,2,1,2008,0,1,1,832351.0,17
1123,4997.0,2,2,2,1918,3,0,0,286887.0,107
1124,1966.0,4,3,2,1995,1,3,0,475037.0,30
1125,4061.0,3,3,2,1926,3,2,1,809129.0,99
1126,1114.0,5,3,1,1900,0,2,0,992151.0,125
1127,1682.0,2,1,3,2006,2,2,0,644206.0,19
1128,3723.0,3,1,1,2015,2,0,0,263057.0,10
1129,3167.0,1,2,3,1932,0,0,1,526015.0,93
1130,630.0,2,1,2,1939,1,1,0,926611.0,86
1131,3483.0,5,3,3,1931,0,2,1,387088.0,94
1132,4778.0,5,3,2,1968,1,0,1,139142.0,57
1133,4959.0,1,1,2,1916,2,2,1,77603.0,109
1134,538.0,1,4,3,1907,1,3,1,882890.0,118
1135,4459.0,2,2,2,1956,0,2,1,120605.0,69
1136,4087.0,4,4,3,1941,0,1,0,331767.0,84
1137,1420.0,1,2,2,1997,0,0,0,618728.0,28
1138,3269.0,4,4,1,1908,1,3,1,918859.0,117
1139,4611.0,3,1,1,2019,1,0,0,975208.0,6
1140,992.0,5,2,2,1986,1,3,0,405970.0,39
1141,1631.0,4,2,2,1934,2,2,0,339604.0,91
1142,4021.0,5,2,3,2013,3,2,0,264117.0,12
1143,810.0,4,3,1,1970,3,1,0,788165.0,55
1144,1238.0,3,3,3,1978,0,1,0,516727.0,47
1145,3741.0,1,4,2,1952,2,3,0,160373.0,73
1146,1045.0,3,1,2,1953,1,1,1,974069.0,72
1147,2961.0,1,3,3,1983,0,1,1,317014.0,42
1148,4846.0,1,2,2,2013,2,1,1,68909.0,12
1149,2304.0,5,3,1,1924,0,1,0,321261.0,101
1150,3712.0,3,1,3,1966,2,2,0,299975.0,59
1151,4310.0,4,3,1,2023,2,1,1,903906.0,2
1152,1313.0,3,2,1,1961,3,2,0,668214.0,64
1153,4624.0,5,4,1,1954,0,2,0,487538.0,71
1154,2532.0,1,2,3,1945,1,0,1,177463.0,80
1155,4913.0,5,1,2,1923,3,2,1,151536.0,102
1156,744.0,2,4,1,1997,3,2,1,856560.0,28
1157,771.0,2,3,1,1945,1,1,0,301981.0,80
1158,4011.0,4,3,1,1921,2,2,0,540533.0,104
1159,2271.0,5,3,2,1910,1,3,0,381145.0,115
1160,1762.0,4,4,2,1947,0,1,1,836872.0,78
1161,2924.0,4,2,3,1907,1,1,1,230685.0,118
1162,4861.0,2,4,2,1938,2,1,0,697779.0,87
1163,1420.0,4,4,3,2006,1,0,1,979167.0,19
1164,3930.0,2,1,3,1934,2,1,1,547275.0,91
1165,4935.0,1,4,3,1948,2,2,0,200619.0,77
1166,4984.0,5,3,3,1945,0,3,1,655950.0,80
1167,3124.0,4,2,3,1937,1,1,1,810416.0,88
1168,4260.0,2,2,1,1907,1,1,1,50005.0,118
1169,2550.0,3,2,2,1953,0,3,0,284152.0,72
1170,4000.0,4,3,1,1936,2,1,0,319182.0,89
1171,1665.0,1,3,3,1990,1,0,1,842846.0,35
1172,875.0,1,3,2,1991,0,2,0,530875.0,34
1173,2533.0,3,3,1,1939,2,3,0,905938.0,86
1174,645.0,2,3,1,1933,0,3,0,913018.0,92
1175,4888.0,4,4,3,1995,1,0,1,445822.0,30
1176,931.0,2,3,1,1978,0,2,0,852914.0,47
1177,1204.0,1,3,1,2007,3,0,1,804189.0,18
1178,3132.0,2,3,1,1916,2,2,1,252945.0,109
1179,4994.0,1,3,1,1932,3,0,0,608236.0,93
1180,1463.0,2,2,1,1946,3,1,1,402131.0,79
1181,2734.0,3,3,3,2009,2,0,0,272873.0,16
1182,2541.0,5,4,3,1951,2,3,0,272322.0,74
1183,2328.0,3,4,1,2017,0,3,1,70875.0,8
1184,2608.0,3,4,3,1979,2,3,1,325201.0,46
1185,4568.0,5,1,3,1992,3,0,0,82400.0,33
1186,1438.0,5,2,2,1908,3,3,0,514674.0,117
1187,1306.0,4,3,1,1932,1,3,0,118607.0,93
1188,1963.0,4,1,3,1959,2,1,0,923993.0,66
1189,3915.0,3,3,3,2012,3,1,1,339647.0,13
1190,510.0,3,1,1,1992,1,2,1,466981.0,33
1191,2368.0,1,1,2,1976,1,2,1,151096.0,49
1192,1384.0,1,4,1,1920,0,2,0,620900.0,105
1193,4064.0,4,4,2,1957,3,0,1,934750.0,68
1194,1889.0,4,1,1,1984,0,2,1,311538.0,41
1195,3901.0,1,4,1,1968,3,0,1,134335.0,57
1196,4821.0,1,1,1,1909,0,0,1,413133.0,116
1197,1324.0,2,2,1,1905,0,2,0,667300.0,120
1198,2765.0,2,4,2,2019,2,2,1,131748.0,6
1199,1436.0,1,4,2,2014,0,0,1,976932.0,11
1200,3300.0,2,4,3,2020,2,1,1,736779.0,5
1201,3053.0,5,2,1,1912,1,3,1,115195.0,113
1202,4345.0,4,1,2,1964,3,3,0,779055.0,61
1203,2296.0,4,3,2,1919,1,3,0,664134.0,106
1204,553.0,1,4,2,1956,3,1,1,676692.0,69
1205,1226.0,3,1,1,2010,1,0,0,351286.0,15
1206,3236.0,1,2,3,1945,3,2,0,835608.0,80
1207,3670.0,2,3,2,1907,0,0,0,121540.0,118
1208,2413.0,3,4,1,1909,3,0,0,743649.0,116
1209,2096.0,2,2,2,1972,3,2,1,389092.0,53
1210,2414.0,5,2,2,2012,1,1,0,895383.0,13
1211,2966.0,2,3,3,2004,1,3,0,61755.0,21
1212,3237.0,5,1,2,1966,1,3,1,827203.0,59
1213,1349.0,5,4,2,1910,2,0,1,430129.0,115
1214,2609.0,2,4,1,1911,2,1,1,658841.0,114
1215,502.0,2,1,1,1909,3,3,1,184962.0,116
1216,4755.0,5,1,3,1924,3,1,0,930808.0,101
1217,4569.0,3,1,1,1948,0,2,1,306760.0,77
1218,1392.0,5,3,1,1948,0,0,0,67175.0,77
1219,2530.0,4,3,3,1988,3,0,0,902119.0,37
1220,3660.0,5,4,2,1910,2,1,1,921415.0,115
1221,2876.0,3,3,3,1961,3,3,1,531503.0,64
1222,2433.0,4,2,1,2017,0,1,0,800071.0,8
1223,1880.0,1,4,3,1935,2,2,0,729648.0,90
1224,4181.0,1,3,2,1938,2,3,1,96629.0,87
1225,1790.0,3,1,3,1952,0,3,1,691067.0,73
1226,2140.0,5,2,1,1989,3,1,1,228872.0,36
1227,3182.0,2,1,1,1977,1,2,0,742727.0,48
1228,1487.0,3,4,3,2002,3,3,0,520970.0,23
1229,1718.0,4,1,2,1955,3,0,1,380657.0,70
1230,1855.0,4,3,3,2003,0,2,0,657050.0,22
1231,4765.0,1,3,2,1900,2,3,1,210094.0,125
1232,4635.0,4,4,2,1955,0,1,0,774689.0,70
1233,2060.0,3,1,3,2017,3,3,0,969163.0,8
1234,1918.0,4,4,2,1903,1,0,1,107941.0,122
1235,1454.0,3,1,1,1929,1,2,1,355617.0,96
1236,1483.0,2,2,3,1911,1,3,1,760958.0,114
1237,1474.0,1,3,2,2019,0,0,0,66040.0,6
1238,4633.0,4,4,1,1934,2,3,0,119806.0,91
1239,4472.0,3,2,3,1976,0,3,1,718646.0,49
1240,1413.0,5,2,1,1951,1,2,0,250211.0,74
1241,536.0,1,4,1,1930,3,1,1,686364.0,95
1242,3887.0,2,4,1,2001,2,1,0,105916.0,24
1243,2211.0,3,2,2,2006,0,0,1,722960.0,19
1244,3520.0,2,1,3,1986,0,0,0,445507.0,39
1245,1295.0,2,2,3,1967,2,0,0,456339.0,58
1246,4536.0,4,4,2,1951,2,2,0,840243.0,74
1247,3611.0,4,2,3,1979,3,1,0,605564.0,46
1248,1824.0,3,1,1,1906,2,0,1,235217.0,119
1249,817.0,5,3,3,1921,3,0,0,917481.0,104
1250,2896.0,3,3,2,1992,1,3,1,251750.0,33
1251,2662.0,5,2,1,1974,1,3,1,269854.0,51
1252,3245.0,2,1,2,1955,0,0,1,796403.0,70
1253,2091.0,1,3,1,1996,1,3,1,994218.0,29
1254,3611.0,3,2,1,1957,1,3,0,761045.0,68
1255,4430.0,3,2,3,1992,3,3,1,717554.0,33
1256,2496.0,5,1,1,1963,0,2,0,385206.0,62
1257,1812.0,2,4,2,2022,2,0,0,200434.0,3
1258,1785.0,2,2,3,2002,0,0,0,890931.0,23
1259,4811.0,5,4,2,1911,1,3,0,620569.0,114
1260,2883.0,2,4,1,1906,2,2,1,881284.0,119
1261,3739.0,4,3,2,2022,0,3,0,836408.0,3
1262,2639.0,1,4,2,1954,0,2,1,827981.0,71
1263,2204.0,3,1,1,2002,0,0,0,554869.0,23
1264,862.0,1,3,3,2005,0,3,0,753196.0,20
1265,3104.0,3,3,2,1961,3,0,1,578883.0,64
1266,2216.0,4,3,1,2011,0,2,0,670218.0,14
1267,4951.0,2,2,3,1989,1,1,0,196474.0,36
1268,4786.0,5,2,3,2003,1,2,0,311745.0,22
1269,4238.0,4,4,3,1972,3,1,0,770643.0,53
1270,2969.0,1,3,2,2004,2,0,0,404820.0,21
1271,1056.0,5,3,2,1997,2,0,1,748083.0,28
1272,1325.0,2,1,2,2008,1,3,0,232394.0,17
1273,3308.0,4,4,3,1976,1,1,0,752124.0,49
1274,3219.0,5,1,2,1954,3,2,1,468127.0,71
1275,4008.0,4,4,1,2018,2,0,0,796648.0,7
1276,4241.0,4,4,2,1935,2,1,1,855837.0,90
1277,2074.0,2,2,2,1988,0,2,0,108122.0,37
1278,4498.0,3,2,3,1923,0,1,0,804849.0,102
1279,2629.0,5,1,2,1943,0,2,1,282661.0,82
1280,2903.0,2,4,1,1916,3,2,0,703197.0,109
1281,3829.0,4,3,3,1901,1,2,0,315591.0,124
1282,1088.0,2,2,1,1912,3,2,1,234215.0,113
1283,2512.0,3,3,3,1930,2,1,1,60662.0,95
1284,2047.0,5,1,3,1992,1,1,0,506217.0,33
1285,794.0,3,2,2,2013,0,3,1,632570.0,12
1286,2485.0,1,2,1,1927,3,1,0,448115.0,98
1287,3617.0,5,4,3,1959,3,1,1,865014.0,66
1288,2190.0,3,1,2,1926,0,3,0,641759.0,99
1289,1636.0,4,4,3,1914,3,1,1,697801.0,111
1290,2564.0,5,2,3,1994,0,2,1,223285.0,31
1291,4955.0,5,1,3,2003,2,0,1,681866.0,22
1292,1507.0,2,2,3,1978,1,0,1,912303.0,47
1293,3014.0,4,1,3,1932,2,3,1,657493.0,93
1294,4026.0,1,2,3,1919,2,1,1,910513.0,106
1295,1747.0,3,3,2,1941,0,1,1,942215.0,84
1296,4402.0,2,3,3,1911,3,3,1,284631.0,114
1297,1935.0,3,4,1,2000,2,0,1,133805.0,25
1298,1071.0,1,3,2,1972,2,2,0,174698.0,53
1299,2882.0,1,2,1,1922,2,1,1,218902.0,103
1300,1745.0,5,2,3,1971,3,3,0,974570.0,54
1301,2584.0,1,3,1,1995,3,2,1,60712.0,30
1302,777.0,3,4,3,2011,0,3,0,393671.0,14
1303,2387.0,4,3,3,1913,2,3,0,965885.0,112
1304,1765.0,4,1,2,1990,1,3,1,701176.0,35
1305,1540.0,5,1,2,1924,3,0,1,806686.0,101
1306,1417.0,3,1,3,1976,0,0,0,568680.0,49
1307,1385.0,3,3,2,2018,2,3,0,246437.0,7
1308,3252.0,1,3,1,1984,1,1,1,661473.0,41
1309,521.0,3,3,2,2008,3,2,1,411995.0,17
1310,3691.0,2,1,2,1930,1,1,1,474022.0,95
1311,2853.0,1,4,1,2000,3,0,0,586498.0,25
1312,1186.0,2,2,2,2011,0,2,1,86972.0,14
1313,784.0,5,3,3,2021,1,3,1,811254.0,4
1314,4247.0,4,4,1,2006,2,1,1,346280.0,19
1315,1262.0,5,2,3,1953,2,1,1,487513.0,72
1316,2928.0,4,2,1,1904,3,3,1,952877.0,121
1317,3007.0,5,2,3,1912,2,1,0,852377.0,113
1318,528.0,3,4,3,1927,1,0,0,800561.0,98
1319,1406.0,2,4,2,1942,0,3,1,391324.0,83
1320,3604.0,4,1,3,1988,3,1,1,382597.0,37
1321,4499.0,1,4,2,2014,1,3,0,921836.0,11
1322,3494.0,2,4,1,1998,3,2,1,980728.0,27
1323,3006.0,1,4,3,1946,0,3,0,53052.0,79
1324,4109.0,2,2,3,2002,3,1,1,339416.0,23
1325,4053.0,2,3,1,1970,2,0,0,353294.0,55
1326,1953.0,5,1,1,1937,2,3,0,801564.0,88
1327,3856.0,4,3,3,1995,3,3,1,198388.0,30
1328,1015.0,4,3,1,1966,0,1,0,496605.0,59
1329,538.0,2,4,2,1961,0,0,1,712600.0,64
1330,3842.0,3,1,1,2008,2,0,0,933527.0,17
1331,1386.0,3,3,1,1938,0,2,1,380918.0,87
1332,3344.0,1,3,3,1936,3,2,1,879607.0,89
1333,2704.0,1,1,2,2018,1,1,1,443781.0,7
1334,1598.0,5,4,1,2013,3,0,0,66375.0,12
1335,2323.0,2,3,2,1985,2,0,1,599998.0,40
1336,3701.0,1,2,2,1907,2,2,1,755255.0,118
1337,3655.0,1,3,2,1980,2,2,1,828912.0,45
1338,3593.0,2,2,3,1951,0,1,0,720534.0,74
1339,4030.0,5,4,1,1990,3,0,1,419170.0,35
1340,4278.0,1,3,3,1932,1,3,0,530545.0,93
1341,3396.0,5,1,1,2009,3,2,0,77597.0,16
1342,3953.0,4,1,1,1980,1,1,0,386433.0,45
1343,4011.0,5,3,3,1941,3,0,1,481613.0,84
1344,1488.0,3,4,2,1975,2,0,1,135687.0,50
1345,4616.0,3,4,2,2011,1,2,0,168968.0,14
1346,4526.0,5,1,1,2009,3,1,1,614562.0,16
1347,4679.0,3,3,3,1926,0,3,1,517453.0,99
1348,2182.0,4,4,2,2011,0,2,0,253570.0,14
1349,4463.0,2,1,2,1907,3,1,0,481413.0,118
1350,1433.0,3,2,1,1922,2,0,1,622922.0,103
1351,4098.0,3,3,1,2023,1,3,0,866473.0,2
1352,3733.0,5,2,3,2005,3,1,1,974752.0,20
1353,2480.0,4,2,1,2012,0,3,0,397509.0,13
1354,2355.0,2,4,2,1963,1,1,1,969707.0,62
1355,3556.0,5,4,2,2022,0,1,1,888418.0,3
1356,1292.0,5,4,2,1992,0,1,0,861802.0,33
1357,1291.0,4,3,2,2013,3,1,1,347391.0,12
1358,2309.0,2,2,3,1919,0,3,1,960835.0,106
1359,2755.0,4,3,3,1915,1,2,0,431688.0,110
1360,4110.0,2,4,1,1916,2,3,1,256994.0,109
1361,2107.0,4,2,1,1979,3,1,1,830768.0,46
1362,1484.0,5,3,1,1918,1,3,1,443650.0,107
1363,4176.0,5,3,3,2019,3,3,0,637270.0,6
1364,3880.0,1,1,2,2019,0,3,0,901612.0,6
1365,1019.0,3,3,1,1907,0,1,0,682822.0,118
1366,1090.0,4,4,2,1937,1,3,0,739834.0,88
1367,1550.0,1,3,1,1937,1,0,0,336788.0,88
1368,4133.0,3,2,1,1952,2,1,1,612781.0,73
1369,4944.0,4,3,1,1992,1,3,1,395968.0,33
1370,1459.0,2,1,1,2004,1,0,1,564922.0,21
1371,1192.0,3,2,1,1999,3,3,0,971463.0,26
1372,4399.0,5,2,2,1989,0,2,1,883721.0,36
1373,4973.0,1,1,1,1930,1,3,0,978647.0,95
1374,3446.0,3,4,2,1943,2,3,1,482809.0,82
1375,1026.0,3,2,3,1959,1,2,0,482331.0,66
1376,3724.0,5,4,1,1975,0,1,1,816505.0,50
1377,2753.0,4,2,2,2018,1,2,1,727900.0,7
1378,3844.0,2,2,3,1916,3,1,0,347625.0,109
1379,4465.0,5,4,3,1978,0,2,1,276577.0,47
1380,2375.0,2,2,3,1972,1,3,1,651385.0,53
1381,2263.0,4,4,2,1938,3,3,0,859010.0,87
1382,1020.0,3,1,1,1941,0,1,1,980291.0,84
1383,1516.0,2,4,1,1947,1,1,1,384192.0,78
1384,616.0,1,1,2,1911,3,0,0,564771.0,114
1385,2933.0,1,2,1,1995,2,0,0,233951.0,30
1386,1083.0,5,4,2,1988,3,3,0,191668.0,37
1387,894.0,4,2,1,2002,2,3,0,503885.0,23
1388,4288.0,5,4,3,1917,1,0,0,463146.0,108
1389,3268.0,5,1,1,1978,3,0,1,229022.0,47
1390,4667.0,5,1,2,1995,2,1,0,932169.0,30
1391,4360.0,1,4,2,1905,0,2,0,330831.0,120
1392,773.0,1,1,3,2021,3,1,1,496049.0,4
1393,2513.0,5,2,2,2007,1,0,1,172540.0,18
1394,4933.0,1,2,1,1942,0,3,1,741349.0,83
1395,1889.0,4,3,1,2015,2,0,1,866615.0,10
1396,4066.0,5,1,3,1934,3,3,1,332902.0,91
1397,665.0,1,2,2,1997,3,3,0,706442.0,28
1398,2067.0,2,4,3,2001,1,3,1,812301.0,24
1399,1228.0,5,1,1,2019,0,3,0,670656.0,6
1400,2543.0,5,2,3,1953,3,2,1,620179.0,72
1401,4697.0,4,1,2,2020,3,0,0,96901.0,5
1402,3996.0,3,4,3,1961,0,1,1,526728.0,64
1403,1278.0,3,2,2,1968,3,3,0,416056.0,57
1404,713.0,4,3,2,1981,0,3,0,645350.0,44
1405,4262.0,4,3,1,1915,0,1,0,539838.0,110
1406,2076.0,4,1,1,1907,0,1,0,726923.0,118
1407,2948.0,3,4,1,1988,1,3,0,908440.0,37
1408,3436.0,4,2,2,1995,0,1,0,445991.0,30
1409,3617.0,1,4,3,1989,0,1,0,983332.0,36
1410,1091.0,5,2,2,2015,2,2,0,553528.0,10
1411,3220.0,5,1,1,1985,2,1,0,569149.0,40
1412,1213.0,2,2,1,1930,1,0,0,854406.0,95
1413,1435.0,2,4,3,2006,0,0,1,727748.0,19
1414,4837.0,5,4,1,1909,2,0,0,654879.0,116
1415,501.0,1,1,1,1955,2,3,0,302990.0,70
1416,3348.0,3,4,1,2020,3,0,1,330759.0,5
1417,4544.0,3,2,3,1975,0,2,0,72838.0,50
1418,2449.0,1,1,2,2016,2,0,0,352872.0,9
1419,1417.0,3,2,1,1991,1,3,1,690537.0,34
1420,3674.0,4,4,3,1969,3,2,1,652288.0,56
1421,2741.0,5,1,1,2022,3,0,0,364942.0,3
1422,589.0,5,2,3,1919,0,2,1,515992.0,106
1423,2209.0,1,4,1,1904,0,2,0,987126.0,121
1424,2669.0,3,4,3,1922,3,3,0,194608.0,103
1425,4738.0,2,3,1,1908,1,3,0,186772.0,117
1426,3541.0,2,4,2,1957,0,2,1,744199.0,68
1427,605.0,3,2,1,1958,0,0,0,846680.0,67
1428,1386.0,2,1,3,1992,3,3,0,95291.0,33
1429,927.0,1,3,1,1979,3,2,1,919061.0,46
1430,2395.0,1,4,2,1953,0,1,0,265963.0,72
1431,816.0,3,4,1,1945,2,1,0,175612.0,80
1432,1134.0,2,4,3,1921,0,3,0,591465.0,104
1433,2425.0,1,2,3,1963,2,0,0,462699.0,62
1434,2556.0,1,3,2,1907,3,1,0,93815.0,118
1435,3644.0,4,2,3,2022,2,1,0,874965.0,3
1436,2770.0,4,3,1,1919,1,1,1,836458.0,106
1437,1939.0,1,1,1,1950,3,0,0,154997.0,75
1438,1052.0,3,2,1,1977,0,0,0,110611.0,48
1439,1215.0,5,2,3,1938,0,3,1,661530.0,87
1440,4411.0,5,1,1,1936,3,3,0,467876.0,89
1441,2213.0,1,3,1,1949,3,1,0,760463.0,76
1442,3889.0,1,4,1,1933,1,0,1,417057.0,92
1443,1607.0,1,1,2,1974,3,2,1,92082.0,51
1444,4706.0,3,4,3,2017,0,1,1,197330.0,8
1445,750.0,4,4,3,2003,1,3,1,677901.0,22
1446,2930.0,1,1,3,1932,0,0,1,934747.0,93
1447,2554.0,1,3,2,1930,2,3,1,926122.0,95
1448,958.0,2,4,3,2022,3,3,1,145220.0,3
1449,707.0,3,1,2,1953,2,0,0,589677.0,72
1450,1399.0,1,2,2,1943,0,1,0,141860.0,82
1451,3961.0,2,2,3,1933,2,0,0,733045.0,92
1452,3885.0,5,2,1,2013,2,1,1,502436.0,12
1453,521.0,1,1,1,1970,0,3,0,994699.0,55
1454,909.0,1,2,3,2021,0,0,1,71797.0,4
1455,1394.0,2,4,3,2012,3,2,0,948407.0,13
1456,1014.0,3,2,2,2017,2,1,0,933601.0,8
1457,4609.0,1,2,3,1961,1,2,0,820227.0,64
1458,2634.0,5,4,2,1922,1,1,0,640620.0,103
1459,4095.0,1,2,3,1945,0,0,1,810943.0,80
1460,3456.0,5,4,1,1955,0,2,1,274997.0,70
1461,2060.0,4,2,1,1906,2,0,0,506123.0,119
1462,1766.0,4,4,3,2017,0,1,1,450404.0,8
1463,2669.0,5,2,2,1988,1,1,1,335840.0,37
1464,4138.0,3,4,1,1960,3,1,0,52024.0,65
1465,1249.0,1,1,2,1902,3,1,1,479201.0,123
1466,3927.0,1,4,3,2022,2,3,1,711944.0,3
1467,2427.0,4,2,3,1937,3,1,1,403142.0,88
1468,4304.0,5,2,1,1983,0,2,1,208116.0,42
1469,4202.0,1,3,3,1933,0,1,0,831627.0,92
1470,2856.0,1,4,1,2012,0,0,0,317429.0,13
1471,2835.0,3,1,2,1943,0,3,1,506331.0,82
1472,806.0,2,4,1,2007,2,2,0,843802.0,18
1473,4165.0,4,4,1,1929,3,3,0,67903.0,96
1474,2489.0,4,1,2,1916,1,3,0,737859.0,109
1475,1161.0,2,4,1,1958,3,3,1,934336.0,67
1476,811.0,1,1,1,1909,0,0,1,859427.0,116
1477,3420.0,3,1,3,1998,1,3,0,417304.0,27
1478,1582.0,3,4,2,1983,2,3,0,478416.0,42
1479,3471.0,4,4,1,1917,0,1,1,662665.0,108
1480,1254.0,3,2,2,1944,0,0,0,251474.0,81
1481,4630.0,2,2,2,2007,1,2,1,456782.0,18
1482,852.0,1,3,1,1990,2,2,0,874254.0,35
1483,1402.0,2,3,3,1958,1,2,1,419556.0,67
1484,4388.0,5,4,2,1961,2,0,1,887654.0,64
1485,658.0,4,1,1,1958,0,2,1,930520.0,67
1486,2477.0,3,3,2,1948,3,0,1,543301.0,77
1487,1456.0,5,4,3,1999,0,1,0,402594.0,26
1488,2571.0,3,3,3,1962,3,1,1,493884.0,63
1489,903.0,1,1,3,1986,3,0,0,683654.0,39
1490,3279.0,1,4,1,1931,2,2,1,422222.0,94
1491,1887.0,1,1,1,1909,1,0,1,638141.0,116
1492,3953.0,3,4,3,1910,2,0,0,235715.0,115
1493,1455.0,5,3,1,2001,0,3,0,960226.0,24
1494,2212.0,1,2,3,1969,1,0,0,203405.0,56
1495,1773.0,5,3,1,2022,3,3,1,459174.0,3
1496,4311.0,3,3,3,2004,3,1,1,626730.0,21
1497,3125.0,5,2,2,1961,0,3,0,464170.0,64
1498,2882.0,3,2,3,1946,1,0,1,280755.0,79
1499,1941.0,3,4,3,1933,0,1,0,583963.0,92
1500,3479.0,4,4,1,1999,0,3,1,139590.0,26
1501,2297.0,3,1,1,2000,2,0,1,420714.0,25
1502,4890.0,3,1,1,1916,0,1,1,343805.0,109
1503,4509.0,2,3,1,2003,1,3,0,638577.0,22
1504,1894.0,1,2,1,2003,0,0,1,67184.0,22
1505,4781.0,4,1,1,1953,1,0,0,884395.0,72
1506,1769.0,4,3,2,1975,3,2,0,731182.0,50
1507,4214.0,4,2,3,1984,0,2,1,505519.0,41
1508,1029.0,2,4,3,1939,1,3,0,257537.0,86
1509,4123.0,3,3,3,1918,3,3,0,841699.0,107
1510,3458.0,1,4,2,1966,1,3,1,233719.0,59
1511,3414.0,5,1,3,1981,3,0,0,899246.0,44
1512,4091.0,3,1,2,1952,2,3,0,872457.0,73
1513,2647.0,2,2,2,2014,0,0,1,171246.0,11
1514,3869.0,3,3,2,1963,0,3,1,389749.0,62
1515,1439.0,3,4,3,1982,3,0,1,706341.0,43
1516,1025.0,2,2,2,1946,2,0,0,879868.0,79
1517,501.0,4,1,3,1905,1,2,0,723832.0,120
1518,874.0,4,1,3,1915,2,1,1,200408.0,110
1519,2840.0,1,3,1,1971,1,0,0,730947.0,54
1520,4505.0,1,4,1,2011,1,3,1,913624.0,14
1521,3552.0,4,3,2,1917,0,2,1,287439.0,108
1522,2865.0,5,4,2,1951,3,3,1,957023.0,74
1523,2025.0,3,4,3,1947,0,3,0,396655.0,78
1524,4976.0,5,3,2,1942,0,0,0,583953.0,83
1525,2146.0,3,2,2,1938,0,0,1,732457.0,87
1526,513.0,4,3,3,1948,1,1,1,927709.0,77
1527,2778.0,1,3,2,2012,0,0,0,626762.0,13
1528,3655.0,1,1,2,1911,1,0,1,777333.0,114
1529,629.0,5,1,3,2008,3,1,0,468401.0,17
1530,4314.0,1,3,3,1909,1,3,1,125911.0,116
1531,3716.0,4,3,1,1970,1,1,1,142643.0,55
1532,3438.0,5,1,3,2009,2,1,0,866916.0,16
1533,4428.0,3,4,1,1954,0,1,0,309383.0,71
1534,2540.0,1,3,2,1900,0,2,0,413309.0,125
1535,527.0,2,2,3,1948,0,3,0,226682.0,77
1536,2613.0,1,2,3,1935,0,2,0,756167.0,90
1537,1752.0,3,2,3,1920,2,2,1,862267.0,105
1538,4856.0,5,3,2,1936,2,0,1,800639.0,89
1539,2546.0,3,4,1,2015,2,1,0,146453.0,10
1540,4523.0,2,4,2,1923,2,1,0,628078.0,102
1541,4896.0,4,1,2,1954,0,2,1,782320.0,71
1542,3874.0,1,3,3,1924,1,0,1,846075.0,101
1543,3966.0,5,4,1,1906,3,0,0,387990.0,119
1544,3581.0,4,3,2,2005,2,0,0,462167.0,20
1545,4278.0,3,1,3,1980,1,3,1,535320.0,45
1546,1129.0,5,1,2,1992,2,2,0,458449.0,33
1547,769.0,4,1,2,1993,0,3,1,587488.0,32
1548,3139.0,5,2,3,1970,0,0,1,626563.0,55
1549,2493.0,2,3,3,1996,1,0,0,519284.0,29
1550,3391.0,2,1,1,1970,1,0,1,925433.0,55
1551,3932.0,1,3,2,2021,1,1,1,726651.0,4
1552,1780.0,1,2,3,1923,0,2,1,354592.0,102
1553,2860.0,2,2,3,1910,0,1,0,998084.0,115
1554,1075.0,5,1,1,1972,3,3,1,665973.0,53
1555,1807.0,2,1,1,1911,1,1,0,464562.0,114
1556,3692.0,1,4,3,1934,3,2,1,847051.0,91
1557,3678.0,2,3,1,1962,2,1,1,679742.0,63
1558,3234.0,2,1,3,1967,3,0,1,576054.0,58
1559,2712.0,5,4,2,1999,2,3,1,839981.0,26
1560,2852.0,4,3,1,1991,2,3,1,724053.0,34
1561,4068.0,1,1,2,1956,3,0,0,505235.0,69
1562,2155.0,5,4,2,1912,1,0,0,540674.0,113
1563,2079.0,2,4,2,1922,2,0,1,830644.0,103
1564,2703.0,2,3,3,1982,1,2,0,944370.0,43
1565,1890.0,4,4,2,2005,0,1,0,964105.0,20
1566,2242.0,1,3,2,2000,2,3,1,543496.0,25
1567,2425.0,1,3,2,1938,0,1,0,884760.0,87
1568,1119.0,3,3,3,1987,3,0,0,520917.0,38
1569,1774.0,1,2,2,1979,1,0,0,270172.0,46
1570,1456.0,4,4,2,1996,3,1,0,75301.0,29
1571,2439.0,3,3,1,1911,2,3,1,619051.0,114
1572,4453.0,3,1,3,1933,0,2,0,201837.0,92
1573,2881.0,2,2,2,1970,2,1,1,881219.0,55
1574,1468.0,2,2,1,1974,3,0,1,957107.0,51
1575,1816.0,1,4,3,1930,1,0,0,57425.0,95
1576,1543.0,3,3,3,1992,1,2,1,325001.0,33
1577,781.0,2,4,3,1961,2,1,0,233843.0,64
1578,3344.0,4,2,3,1912,2,2,1,405143.0,113
1579,1558.0,2,3,3,1930,0,2,0,465660.0,95
1580,4793.0,2,1,3,1901,3,3,0,833849.0,124
1581,3032.0,3,3,2,2002,2,3,1,615745.0,23
1582,4328.0,3,2,2,1914,0,0,0,545496.0,111
1583,1508.0,5,1,2,1956,2,1,0,785101.0,69
1584,1729.0,4,3,2,1974,1,3,0,443920.0,51
1585,1535.0,3,1,1,1933,0,0,0,579740.0,92
1586,775.0,1,1,2,2002,0,1,1,161153.0,23
1587,3240.0,4,2,3,1967,2,0,1,875294.0,58
1588,2789.0,4,1,2,1974,3,3,1,242543.0,51
1589,1739.0,3,4,2,1928,1,0,0,529274.0,97
1590,625.0,4,2,3,1965,3,1,1,330444.0,60
1591,4565.0,3,4,2,1915,0,1,0,977070.0,110
1592,4812.0,2,1,2,1938,3,0,0,450717.0,87
1593,4368.0,5,4,2,1976,0,1,0,51845.0,49
1594,1708.0,2,3,1,1936,3,0,1,169342.0,89
1595,3749.0,3,1,2,1980,2,1,1,875613.0,45
1596,1418.0,3,3,3,1920,3,0,1,500479.0,105
1597,4423.0,2,4,3,1943,0,0,1,811654.0,82
1598,4903.0,1,3,2,2023,1,0,0,813292.0,2
1599,2469.0,1,1,2,1918,1,2,1,768398.0,107
1600,3293.0,1,3,2,1970,1,1,1,298850.0,55
1601,1391.0,3,4,3,2001,0,3,1,788650.0,24
1602,4970.0,4,4,3,1907,3,0,1,297688.0,118
1603,2533.0,3,4,1,1976,1,2,0,608692.0,49
1604,1864.0,4,1,1,2000,1,3,1,596852.0,25
1605,628.0,2,4,1,1965,1,0,1,672186.0,60
1606,1514.0,5,1,3,1940,2,3,1,330371.0,85
1607,2299.0,4,3,1,1974,0,2,0,570919.0,51
1608,2018.0,1,4,2,1987,0,3,1,145259.0,38
1609,4681.0,3,3,2,1969,0,0,1,174451.0,56
1610,1698.0,2,2,3,1960,0,3,1,490691.0,65
1611,4373.0,1,3,1,1925,0,3,0,67215.0,100
1612,2974.0,2,2,2,1970,2,0,0,180577.0,55
1613,3985.0,5,3,3,2020,3,2,1,832680.0,5
1614,4549.0,3,1,1,2002,2,2,1,121074.0,23
1615,4219.0,3,3,2,1982,1,3,0,989203.0,43
1616,802.0,5,1,1,1969,2,1,0,682909.0,56
1617,4452.0,3,1,3,2006,0,3,0,979958.0,19
1618,1486.0,4,4,1,1928,2,1,0,753577.0,97
1619,2363.0,2,1,3,2006,0,3,0,156759.0,19
1620,4940.0,1,2,1,2002,2,2,1,178471.0,23
1621,3572.0,5,4,2,1965,0,3,1,858143.0,60
1622,3624.0,4,4,3,1918,1,3,1,458275.0,107
1623,1827.0,1,3,3,1967,0,1,1,622686.0,58
1624,2908.0,1,1,3,1957,2,2,0,837718.0,68
1625,4173.0,5,1,1,1969,1,1,0,215369.0,56
1626,3791.0,4,2,1,2012,2,3,0,682592.0,13
1627,4533.0,1,3,2,1956,1,0,0,154959.0,69
1628,1203.0,1,3,3,1936,3,3,0,289317.0,89
1629,1074.0,4,4,3,1960,3,3,1,731845.0,65
1630,3732.0,3,4,1,1991,3,1,1,372111.0,34
1631,3132.0,1,4,1,1929,2,0,1,934235.0,96
1632,4328.0,2,2,2,1970,2,0,1,179745.0,55
1633,3730.0,4,2,2,1972,1,1,1,104583.0,53
1634,988.0,1,4,1,1924,1,2,0,698365.0,101
1635,1847.0,5,3,3,1996,1,0,0,494846.0,29
1636,4181.0,2,2,2,1964,1,0,0,161359.0,61
1637,3673.0,1,3,1,2014,0,1,0,601374.0,11
1638,2167.0,2,3,1,1905,3,2,0,721844.0,120
1639,2137.0,2,1,3,1917,0,2,1,773983.0,108
1640,4614.0,3,4,1,1909,0,3,1,678420.0,116
1641,4053.0,2,1,1,1991,0,3,1,565329.0,34
1642,1500.0,3,4,2,1910,0,1,0,109263.0,115
1643,1350.0,4,4,1,1996,3,2,0,724035.0,29
1644,1888.0,3,3,1,1964,0,1,0,956587.0,61
1645,4212.0,5,4,2,1976,1,3,0,110664.0,49
1646,1867.0,1,3,3,2000,2,1,1,467896.0,25
1647,1321.0,4,3,3,1983,1,1,0,984581.0,42
1648,954.0,4,4,2,1964,2,0,1,956906.0,61
1649,2124.0,5,3,2,1951,1,0,0,389112.0,74
1650,3272.0,3,3,3,1966,1,0,1,970995.0,59
1651,4226.0,1,3,3,1981,2,3,0,751486.0,44
1652,3647.0,3,2,3,2004,3,1,0,817018.0,21
1653,4589.0,2,3,3,1977,0,0,1,446608.0,48
1654,2690.0,3,2,3,1930,1,0,1,505473.0,95
1655,1416.0,4,2,2,1990,3,0,0,117804.0,35
1656,4486.0,1,3,1,1916,0,3,1,874832.0,109
1657,3375.0,3,3,3,1954,3,3,0,479767.0,71
1658,1940.0,1,2,3,2009,3,1,0,864520.0,16
1659,4900.0,1,2,1,1992,0,1,1,261087.0,33
1660,1235.0,2,3,1,1935,1,1,0,992969.0,90
1661,4068.0,2,3,1,2000,3,0,0,491371.0,25
1662,3838.0,4,4,1,1925,1,2,1,137893.0,100
1663,3515.0,5,2,1,1952,1,3,0,842401.0,73
1664,3389.0,1,2,1,1916,1,0,0,58981.0,109
1665,1461.0,5,4,2,1985,0,0,0,464248.0,40
1666,3489.0,4,2,1,1924,2,1,0,366235.0,101
1667,4348.0,1,1,1,1901,1,1,1,157154.0,124
1668,1526.0,1,2,2,2018,2,0,1,336552.0,7
1669,4365.0,5,4,1,1985,2,3,1,729601.0,40
1670,3363.0,3,1,3,1904,3,3,0,884372.0,121
1671,3001.0,2,3,3,1903,1,0,1,526154.0,122
1672,2447.0,3,4,1,1935,1,2,1,756465.0,90
1673,1677.0,5,4,2,1905,1,2,1,242122.0,120
1674,511.0,2,3,3,2015,2,3,0,53657.0,10
1675,4899.0,3,4,2,1920,0,1,1,857662.0,105
1676,3864.0,2,2,3,1976,2,2,1,986184.0,49
1677,3522.0,1,3,1,2017,1,2,0,263766.0,8
1678,3871.0,3,4,2,2000,1,1,0,659019.0,25
1679,3330.0,2,3,2,2018,1,2,0,223412.0,7
1680,542.0,2,3,2,1988,2,0,0,741310.0,37
1681,1443.0,2,3,3,1925,1,2,0,713227.0,100
1682,2890.0,3,1,3,1954,3,1,0,783902.0,71
1683,3045.0,4,4,3,1938,1,0,1,54329.0,87
1684,2911.0,3,1,1,1983,0,2,1,348009.0,42
1685,1504.0,5,4,3,1932,3,3,0,772300.0,93
1686,520.0,3,2,1,1913,1,0,0,569897.0,112
1687,906.0,2,2,2,1955,3,0,1,87869.0,70
1688,1514.0,1,2,2,1999,1,3,0,247977.0,26
1689,4931.0,3,4,1,1980,0,3,0,956617.0,45
1690,2338.0,3,3,3,1920,1,2,1,548185.0,105
1691,3688.0,2,3,1,1945,3,2,0,133984.0,80
1692,1214.0,1,1,2,1915,0,1,0,961604.0,110
1693,4646.0,1,1,2,2009,2,1,1,151069.0,16
1694,4354.0,5,2,1,1915,0,0,1,298577.0,110
1695,4919.0,3,1,3,2019,0,3,1,926143.0,6
1696,640.0,1,4,3,1983,0,3,1,378396.0,42
1697,1463.0,1,4,1,1928,3,1,1,391530.0,97
1698,872.0,4,1,1,1991,0,0,0,168728.0,34
1699,4135.0,4,1,3,1907,1,0,0,573846.0,118
1700,3041.0,1,1,2,1987,0,1,0,969215.0,38
1701,4110.0,5,1,1,1902,0,1,0,75801.0,123
1702,2192.0,1,2,3,1988,1,1,0,792647.0,37
1703,605.0,2,2,3,1918,1,2,1,809925.0,107
1704,2181.0,3,1,2,1996,2,0,0,664997.0,29
1705,4597.0,5,4,2,1965,0,0,0,365414.0,60
1706,4516.0,2,2,2,1978,3,0,0,514838.0,47
1707,3136.0,5,4,2,1985,0,1,0,891967.0,40
1708,2637.0,2,3,2,2023,0,1,0,305560.0,2
1709,3916.0,3,4,1,1973,1,1,1,818026.0,52
1710,4945.0,3,1,3,1981,2,1,0,782119.0,44
1711,4030.0,4,3,1,1921,0,3,0,66220.0,104
1712,1786.0,2,2,1,1945,3,1,0,325536.0,80
1713,3679.0,4,2,1,2012,0,2,0,528803.0,13
1714,4154.0,2,3,1,1990,3,3,0,445462.0,35
1715,2859.0,4,4,1,1912,1,3,0,332154.0,113
1716,944.0,3,2,2,1932,2,1,1,176951.0,93
1717,535.0,5,1,2,1904,0,0,0,380502.0,121
1718,1975.0,4,3,3,1989,2,1,1,533419.0,36
1719,4457.0,2,1,1,1976,0,0,1,198306.0,49
1720,2298.0,2,3,3,1926,3,1,0,932622.0,99
1721,2345.0,3,2,2,2020,2,1,0,690083.0,5
1722,1908.0,2,4,2,1977,0,0,0,492667.0,48
1723,2208.0,1,3,2,1923,1,0,1,959222.0,102
1724,3438.0,5,3,1,1966,3,0,0,175223.0,59
1725,1800.0,4,1,1,2010,2,0,0,572886.0,15
1726,1743.0,5,2,2,2014,0,2,0,649493.0,11
1727,4476.0,3,1,3,1962,2,0,1,465000.0,63
1728,3597.0,4,2,3,2012,0,1,1,997176.0,13
1729,509.0,4,1,2,1993,3,1,0,51082.0,32
1730,2925.0,1,3,3,1998,1,2,1,454364.0,27
1731,2160.0,3,1,2,1947,3,0,0,208566.0,78
1732,3131.0,2,4,3,1962,2,1,1,911525.0,63
1733,1572.0,1,2,2,1977,2,2,0,364096.0,48
1734,3725.0,1,2,3,1911,0,1,1,86719.0,114
1735,1816.0,5,3,1,1927,3,2,0,98737.0,98
1736,4645.0,5,2,2,1943,0,2,0,502669.0,82
1737,4183.0,5,4,2,1992,3,3,1,157271.0,33
1738,3773.0,1,1,3,1942,2,3,1,744896.0,83
1739,645.0,2,3,2,1916,0,0,1,231676.0,109
1740,3540.0,4,4,2,1939,0,3,1,494049.0,86
1741,1962.0,5,2,2,1948,3,2,1,981543.0,77
1742,2084.0,2,2,1,1984,1,1,0,642127.0,41
1743,982.0,3,4,1,1956,3,1,0,884363.0,69
1744,3679.0,5,1,3,1986,1,0,1,352069.0,39
1745,1749.0,4,1,1,1983,3,3,0,232075.0,42
1746,1130.0,3,3,3,1963,2,0,0,492113.0,62
1747,1161.0,3,2,1,1974,0,2,1,137745.0,51
1748,4003.0,4,4,3,1956,3,3,0,176298.0,69
1749,3352.0,5,1,1,2020,2,0,0,667997.0,5
1750,2966.0,1,3,1,1997,3,1,1,354431.0,28
1751,1487.0,4,2,3,1973,0,1,1,796086.0,52
1752,2046.0,4,2,2,1973,3,0,0,476228.0,52
1753,1149.0,4,3,2,2006,1,0,1,681540.0,19
1754,1468.0,3,3,1,2023,0,0,0,747143.0,2
1755,3137.0,2,1,3,1969,1,2,1,421467.0,56
1756,1600.0,1,4,2,1999,2,2,1,511531.0,26
1757,940.0,5,2,3,1987,2,1,1,789126.0,38
1758,1269.0,5,4,2,1975,3,2,1,489707.0,50
1759,1843.0,2,2,3,1942,1,2,0,270013.0,83
1760,4858.0,4,2,1,2018,1,3,1,501800.0,7
1761,4229.0,1,4,3,1922,0,2,1,849235.0,103
1762,4406.0,5,3,2,1926,1,3,0,230697.0,99
1763,2077.0,5,1,1,1957,1,2,0,693107.0,68
1764,4508.0,4,2,3,2020,0,1,0,929793.0,5
1765,3851.0,2,3,2,2008,0,0,0,63698.0,17
1766,2849.0,1,2,1,1936,1,1,1,65376.0,89
1767,4102.0,2,1,3,1905,3,2,0,526870.0,120
1768,1741.0,2,2,2,1964,0,0,1,325261.0,61
1769,1625.0,1,1,3,1905,0,0,0,286591.0,120
1770,3101.0,1,1,3,1949,1,0,1,481172.0,76
1771,1690.0,5,2,1,1921,1,3,0,98786.0,104
1772,4631.0,5,2,1,2004,0,1,1,687293.0,21
1773,4948.0,1,1,2,1987,1,3,1,268850.0,38
1774,572.0,3,3,1,1924,0,0,0,378624.0,101
1775,2414.0,5,4,2,1978,3,1,1,737055.0,47
1776,2972.0,3,1,3,1989,3,1,1,969015.0,36
1777,3546.0,1,2,3,1971,0,2,1,889665.0,54
1778,1207.0,5,2,2,1950,0,3,1,423166.0,75
1779,2304.0,2,3,3,1987,2,3,0,465718.0,38
1780,4213.0,1,4,1,1947,2,2,1,493226.0,78
1781,3064.0,4,1,3,2001,1,3,1,142529.0,24
1782,2975.0,3,1,1,1969,1,0,0,517121.0,56
1783,4110.0,1,4,2,2017,0,0,0,815784.0,8
1784,4755.0,1,1,2,1998,0,3,0,489705.0,27
1785,3323.0,5,4,3,2005,2,2,1,675207.0,20
1786,2235.0,5,2,3,1964,2,1,1,919965.0,61
1787,2085.0,5,4,1,1959,0,3,0,524381.0,66
1788,566.0,4,1,1,1945,3,1,1,999453.0,80
1789,3561.0,5,4,3,1935,3,2,0,522803.0,90
1790,2928.0,1,3,3,1957,1,1,1,536275.0,68
1791,4653.0,5,2,2,1975,0,2,0,772670.0,50
1792,841.0,2,2,2,1937,0,2,1,259870.0,88
1793,3274.0,5,4,2,1910,1,0,0,643695.0,115
1794,3317.0,4,1,3,1911,2,0,1,648097.0,114
1795,3161.0,2,3,3,1941,2,2,0,329373.0,84
1796,1732.0,1,2,3,2013,3,3,1,994889.0,12
1797,4374.0,1,2,2,1938,0,0,1,616464.0,87
1798,2901.0,3,1,3,1970,2,2,1,669113.0,55
1799,1994.0,2,1,1,1910,3,1,0,970764.0,115
1800,4711.0,3,3,3,1935,3,1,1,147555.0,90
1801,1161.0,2,4,3,1951,3,3,1,577433.0,74
1802,4383.0,2,1,3,1930,2,1,1,147289.0,95
1803,4119.0,4,4,3,1932,2,1,0,713162.0,93
1804,2368.0,3,3,3,1912,0,2,1,838695.0,113
1805,2834.0,4,4,1,1917,0,1,0,470129.0,108
1806,3874.0,2,2,1,1940,3,1,1,107788.0,85
1807,1516.0,1,4,3,1957,3,1,0,713515.0,68
1808,4906.0,2,3,2,1955,2,1,0,706282.0,70
1809,707.0,4,3,3,1923,2,2,1,777591.0,102
1810,3165.0,3,3,3,1972,0,1,0,201744.0,53
1811,2993.0,3,4,3,1930,0,3,0,219598.0,95
1812,1132.0,4,2,2,1954,1,0,1,881776.0,71
1813,2602.0,3,1,2,2004,0,3,0,959251.0,21
1814,3459.0,5,2,2,1909,2,0,0,462230.0,116
1815,3583.0,1,4,1,1959,3,3,0,647640.0,66
1816,2431.0,1,4,2,1901,1,0,0,534495.0,124
1817,4219.0,1,1,1,2001,0,0,1,352468.0,24
1818,3062.0,3,4,1,1914,0,0,0,557745.0,111
1819,2179.0,3,3,2,1902,2,0,0,930507.0,123
1820,736.0,2,3,2,1942,1,2,1,276710.0,83
1821,4943.0,2,3,2,1930,0,3,1,744058.0,95
1822,2040.0,1,3,1,1969,3,0,0,913601.0,56
1823,4443.0,5,3,3,1966,2,3,1,859816.0,59
1824,863.0,2,4,2,1955,1,1,1,577800.0,70
1825,2868.0,2,1,2,1962,0,0,1,973570.0,63
1826,785.0,3,1,2,1974,0,3,1,736860.0,51
1827,648.0,5,3,1,1914,1,2,1,173775.0,111
1828,4537.0,1,4,1,2008,2,3,1,128743.0,17
1829,2266.0,2,2,3,2015,1,0,1,397786.0,10
1830,1512.0,5,2,2,1991,1,1,1,441731.0,34
1831,3331.0,5,4,1,1909,2,3,1,654146.0,116
1832,3007.0,1,3,3,1937,0,1,0,629088.0,88
1833,2023.0,5,1,2,1946,3,2,0,506356.0,79
1834,3285.0,5,4,1,1956,2,3,0,674652.0,69
1835,3056.0,5,2,2,1949,3,3,0,555533.0,76
1836,4225.0,2,2,2,2013,0,2,0,314531.0,12
1837,2101.0,1,2,1,1970,1,2,1,237232.0,55
1838,2908.0,5,3,1,1914,3,2,1,778927.0,111
1839,840.0,5,2,1,1917,0,0,0,182871.0,108
1840,3317.0,2,4,2,1981,0,0,0,169095.0,44
1841,2996.0,1,4,2,2015,1,3,1,609836.0,10
1842,2225.0,3,2,3,2004,1,3,0,140450.0,21
1843,2189.0,2,4,2,1987,0,3,1,679957.0,38
1844,3767.0,1,2,1,1901,0,1,0,916603.0,124
1845,4906.0,5,2,2,2003,3,2,1,483595.0,22
1846,761.0,1,1,3,1983,0,3,0,357558.0,42
1847,1942.0,1,3,3,1997,0,2,1,647359.0,28
1848,905.0,1,3,1,1942,3,0,0,687096.0,83
1849,2690.0,3,1,1,1925,2,2,0,550884.0,100
1850,4937.0,1,1,3,1970,3,1,1,128591.0,55
1851,743.0,3,3,3,1937,3,1,1,798501.0,88
1852,4607.0,5,2,3,1993,1,2,0,316441.0,32
1853,1060.0,3,2,1,1941,3,1,0,683801.0,84
1854,4637.0,5,3,3,1904,0,1,1,965100.0,121
1855,3225.0,5,2,3,1910,0,0,1,922911.0,115
1856,1093.0,3,1,1,1964,0,3,1,148752.0,61
1857,2326.0,2,2,2,1933,2,1,0,186080.0,92
1858,3729.0,4,2,2,2019,0,3,0,267885.0,6
1859,3787.0,1,4,3,1900,2,2,1,427625.0,125
1860,4573.0,4,4,2,1982,0,2,0,197892.0,43
1861,633.0,1,4,2,1901,3,1,0,514764.0,124
1862,3638.0,1,2,2,1984,1,2,1,203325.0,41
1863,4419.0,5,3,2,1919,0,0,0,472418.0,106
1864,572.0,1,1,3,1960,2,1,1,996740.0,65
1865,4994.0,1,2,2,1986,2,1,1,641444.0,39
1866,4725.0,3,3,2,1920,1,1,0,817248.0,105
1867,3478.0,4,2,1,1987,0,2,0,110263.0,38
1868,4861.0,3,1,3,1967,3,2,1,955428.0,58
1869,2485.0,1,2,1,1911,0,1,1,673540.0,114
1870,1292.0,5,1,1,1921,0,3,1,168632.0,104
1871,4759.0,3,2,3,1919,1,2,0,911287.0,106
1872,594.0,3,1,2,1981,0,2,1,66575.0,44
1873,1633.0,2,2,1,1900,3,1,1,324348.0,125
1874,737.0,1,1,3,1929,2,3,1,61952.0,96
1875,3446.0,5,4,2,1996,1,1,1,569826.0,29
1876,3030.0,3,2,3,1923,3,2,0,133323.0,102
1877,2460.0,3,2,1,1913,2,1,0,756502.0,112
1878,1548.0,5,3,2,1935,1,1,1,214944.0,90
1879,3029.0,1,3,2,1968,1,1,0,734736.0,57
1880,3464.0,2,1,3,1974,2,3,0,771444.0,51
1881,1463.0,3,2,2,1923,2,1,0,192712.0,102
1882,1036.0,2,1,1,1959,3,2,1,338581.0,66
1883,4723.0,4,4,1,1994,0,1,0,177129.0,31
1884,4179.0,1,3,1,1954,0,3,0,924113.0,71
1885,4687.0,4,1,3,1976,0,0,1,828810.0,49
1886,4224.0,4,1,2,1979,0,3,1,582191.0,46
1887,1042.0,4,3,2,1923,0,1,0,264776.0,102
1888,1345.0,1,2,2,1976,3,0,0,601151.0,49
1889,4103.0,1,1,1,1923,1,1,1,355525.0,102
1890,3536.0,5,3,2,1953,3,3,1,864980.0,72
1891,2994.0,2,2,1,1925,3,0,1,493172.0,100
1892,4985.0,2,4,2,1965,3,0,1,585755.0,60
1893,3219.0,5,3,1,1979,1,1,0,370098.0,46
1894,2384.0,5,1,2,1937,3,1,1,336045.0,88
1895,4638.0,4,4,3,2009,3,3,0,859733.0,16
1896,4849.0,5,2,3,1964,1,1,0,961118.0,61
1897,3701.0,3,2,1,2012,3,0,0,807902.0,13
1898,3210.0,2,3,1,1974,0,2,1,921612.0,51
1899,2453.0,5,3,2,1950,2,2,1,644191.0,75
1900,4350.0,3,3,2,1934,3,3,0,416099.0,91
1901,1189.0,3,2,3,1942,2,1,0,983708.0,83
1902,2450.0,3,4,2,1928,3,3,0,594043.0,97
1903,956.0,3,2,1,1936,3,2,0,371961.0,89
1904,2630.0,4,1,1,1980,0,2,0,838525.0,45
1905,4476.0,3,2,1,1957,1,1,1,306094.0,68
1906,4744.0,4,1,1,1953,2,0,1,512753.0,72
1907,1679.0,4,4,1,1938,1,1,1,932751.0,87
1908,4785.0,3,3,3,1941,0,2,0,335084.0,84
1909,4065.0,2,3,3,1927,0,0,0,749400.0,98
1910,1382.0,3,2,1,1928,2,3,1,703002.0,97
1911,899.0,3,3,2,1942,1,2,1,141544.0,83
1912,1108.0,3,4,1,1902,0,3,0,658725.0,123
1913,2138.0,2,3,3,2015,3,0,1,405113.0,10
1914,2648.0,1,2,1,1909,3,3,1,157001.0,116
1915,1882.0,1,4,3,1958,3,2,1,137725.0,67
1916,1903.0,4,1,3,2005,1,1,0,427928.0,20
1917,1319.0,4,2,1,1913,3,3,0,160675.0,112
1918,3792.0,2,1,1,1975,3,2,1,144266.0,50
1919,1319.0,5,4,2,1946,0,2,0,321380.0,79
1920,919.0,1,2,3,1941,0,0,1,909029.0,84
1921,4719.0,4,2,2,1993,3,2,1,265196.0,32
1922,3802.0,1,4,1,1931,3,1,0,184974.0,94
1923,2008.0,2,3,3,1931,0,1,0,673944.0,94
1924,1267.0,2,2,2,1941,2,3,0,346508.0,84
1925,2544.0,5,2,2,1931,1,3,1,681359.0,94
1926,2639.0,5,1,2,1925,1,3,1,406554.0,100
1927,3529.0,2,3,1,2014,0,3,1,201168.0,11
1928,2049.0,4,1,1,1900,1,1,0,193092.0,125
1929,2264.0,1,1,1,1955,0,0,1,632761.0,70
1930,3145.0,3,3,3,2021,0,3,1,291472.0,4
1931,4216.0,5,3,1,2005,0,0,1,356297.0,20
1932,4981.0,3,4,3,1901,0,2,1,222349.0,124
1933,2793.0,4,3,2,1980,2,2,0,350646.0,45
1934,3208.0,5,2,2,1929,3,3,0,65675.0,96
1935,1400.0,3,3,1,2019,3,2,0,991869.0,6
1936,3584.0,4,4,2,2002,2,0,1,168384.0,23
1937,2509.0,1,4,1,1970,1,0,1,128229.0,55
1938,741.0,4,4,3,1951,1,2,1,663337.0,74
1939,2885.0,5,3,2,1990,3,3,0,757508.0,35
1940,4768.0,2,3,1,1908,1,0,0,401301.0,117
1941,1171.0,1,1,2,1921,3,0,0,270319.0,104
1942,663.0,3,1,2,1933,3,1,0,679999.0,92
1943,964.0,5,2,1,2009,2,3,0,684378.0,16
1944,3542.0,2,1,2,1948,1,1,1,929753.0,77
1945,2942.0,4,2,2,1900,2,2,0,776262.0,125
1946,2855.0,2,4,2,1972,3,2,0,862897.0,53
1947,4778.0,5,1,2,1983,3,1,0,868718.0,42
1948,3057.0,5,3,3,1952,3,3,1,104795.0,73
1949,1045.0,2,1,2,1982,0,0,0,420283.0,43
1950,4335.0,4,2,2,1999,0,2,0,784543.0,26
1951,1093.0,2,1,1,2023,0,3,0,153845.0,2
1952,4304.0,5,4,3,1939,2,3,1,362130.0,86
1953,1959.0,5,3,1,1944,3,2,1,387540.0,81
1954,3993.0,3,2,1,1967,1,2,0,891610.0,58
1955,3101.0,3,3,1,1908,2,3,0,847177.0,117
1956,2944.0,1,3,3,2004,2,0,0,828520.0,21
1957,3172.0,5,2,1,1921,2,1,0,303730.0,104
1958,4700.0,3,3,1,1917,1,2,1,253426.0,108
1959,516.0,2,3,1,1975,3,1,0,916069.0,50
1960,3691.0,4,1,2,2005,0,3,1,972532.0,20
1961,892.0,2,3,1,1942,3,1,0,279333.0,83
1962,924.0,4,3,3,1938,3,0,1,622854.0,87
1963,1071.0,3,3,3,1972,2,3,1,880154.0,53
1964,4131.0,1,3,2,1905,2,0,0,923055.0,120
1965,1620.0,2,2,3,1982,2,3,1,423218.0,43
1966,741.0,2,4,3,1947,0,0,0,649262.0,78
1967,4397.0,2,1,2,2010,0,3,1,526908.0,15
1968,4595.0,4,3,1,1906,0,0,1,396228.0,119
1969,2779.0,3,3,2,1979,3,3,0,220951.0,46
1970,1288.0,2,2,1,1968,2,0,0,467983.0,57
1971,1214.0,2,4,1,1915,1,3,1,298595.0,110
1972,3349.0,1,3,3,1900,3,0,1,953785.0,125
1973,1275.0,1,2,2,2014,0,2,0,678705.0,11
1974,4526.0,3,1,3,1936,1,1,0,904531.0,89
1975,2747.0,3,1,3,2002,1,3,0,229729.0,23
1976,578.0,5,3,1,1982,2,0,1,189570.0,43
1977,4426.0,1,3,3,2017,1,2,0,254739.0,8
1978,1355.0,5,4,2,1936,0,3,0,337251.0,89
1979,2648.0,4,4,3,1980,2,3,1,734153.0,45
1980,1531.0,5,3,3,1963,1,3,0,970200.0,62
1981,3771.0,2,2,1,1989,2,1,0,890271.0,36
1982,4076.0,5,4,2,1985,1,0,0,663529.0,40
1983,4682.0,3,3,3,1961,3,0,0,597685.0,64
1984,3956.0,4,4,1,1971,3,3,1,581992.0,54
1985,4006.0,2,3,3,1960,0,3,0,852874.0,65
1986,907.0,5,1,2,1932,3,3,0,769148.0,93
1987,3211.0,4,3,3,1965,3,2,0,179576.0,60
1988,3588.0,4,1,3,1929,3,3,0,59765.0,96
1989,2168.0,2,4,1,2010,1,1,0,427972.0,15
1990,647.0,5,3,3,1919,1,0,0,60002.0,106
1991,4827.0,4,4,1,1959,2,1,1,834141.0,66
1992,4397.0,4,1,2,1981,1,3,1,847822.0,44
1993,2450.0,1,3,3,2006,3,2,1,225508.0,19
1994,865.0,4,4,2,2020,1,3,0,308446.0,5
1995,2174.0,1,1,2,1973,0,3,0,527698.0,52
1996,4994.0,5,4,3,1923,2,3,0,295620.0,102
1997,3046.0,5,2,1,2019,2,3,1,580929.0,6
1998,1062.0,5,1,2,1903,1,3,0,476925.0,122
1999,4062.0,3,1,2,1936,3,0,1,161119.0,89
2000,2989.0,5,1,3,1903,2,1,0,482525.0,122
